just verify-ui
npm --prefix frontend run verify:ui

> frontend@0.0.0 verify:ui
> playwright test

[WebServer] (node:6925) Warning: The 'NO_COLOR' env is ignored due to the 'FORCE_COLOR' env being set.
[WebServer] (Use `node --trace-warnings ...` to show where the warning was created)
[WebServer] (node:6927) Warning: The 'NO_COLOR' env is ignored due to the 'FORCE_COLOR' env being set.
[WebServer] (Use `node --trace-warnings ...` to show where the warning was created)

Running 271 tests using 5 workers

(node:6931) Warning: The 'NO_COLOR' env is ignored due to the 'FORCE_COLOR' env being set.
(Use `node --trace-warnings ...` to show where the warning was created)
(node:6928) Warning: The 'NO_COLOR' env is ignored due to the 'FORCE_COLOR' env being set.
(Use `node --trace-warnings ...` to show where the warning was created)
(node:6929) Warning: The 'NO_COLOR' env is ignored due to the 'FORCE_COLOR' env being set.
(Use `node --trace-warnings ...` to show where the warning was created)
(node:6930) Warning: The 'NO_COLOR' env is ignored due to the 'FORCE_COLOR' env being set.
(Use `node --trace-warnings ...` to show where the warning was created)
(node:6932) Warning: The 'NO_COLOR' env is ignored due to the 'FORCE_COLOR' env being set.
(Use `node --trace-warnings ...` to show where the warning was created)
  ✘    1 [chromium] › e2e/interactive-states.test.ts:39:3 › T076 the File menu trigger lights up under the pointer (1ms)
  ✘    4 [chromium] › e2e/core-editor.test.ts:206:1 › STORY-018-AC-1 verifies responsive editor dimensions (1ms)
  ✘    3 [chromium] › e2e/launcher-binding.test.ts:51:1 › T057 draws the launcher frame and block from the binding (1ms)
  ✘    2 [chromium] › e2e/appearance.test.ts:40:1 › changes all six palettes through keyboard reachable appearance controls without overflow (1ms)
  ✘    5 [chromium] › e2e/editor-stage.test.ts:18:7 › T019 1280px Liquid Glass Auto (system) keeps the Editor stage reachable (1ms)
(node:6955) Warning: The 'NO_COLOR' env is ignored due to the 'FORCE_COLOR' env being set.
(Use `node --trace-warnings ...` to show where the warning was created)
(node:6959) Warning: The 'NO_COLOR' env is ignored due to the 'FORCE_COLOR' env being set.
(Use `node --trace-warnings ...` to show where the warning was created)
(node:6956) Warning: The 'NO_COLOR' env is ignored due to the 'FORCE_COLOR' env being set.
(Use `node --trace-warnings ...` to show where the warning was created)
(node:6958) Warning: The 'NO_COLOR' env is ignored due to the 'FORCE_COLOR' env being set.
(Use `node --trace-warnings ...` to show where the warning was created)
(node:6960) Warning: The 'NO_COLOR' env is ignored due to the 'FORCE_COLOR' env being set.
(Use `node --trace-warnings ...` to show where the warning was created)
  ✘    6 [chromium] › e2e/appearance.test.ts:87:1 › uses the pre-paint mirror before canonical reconciliation and keeps the controls visibly focused with bundled typography (1ms)
  ✘    8 [chromium] › e2e/interactive-states.test.ts:60:3 › T076 the File menu trigger shows a visible focus ring (1ms)
  ✘    7 [chromium] › e2e/launcher-binding.test.ts:79:1 › T057 draws the launcher type scale from the binding (1ms)
  ✘    9 [chromium] › e2e/core-editor.test.ts:238:1 › STORY-022-AC-5 round trips an edit through Preview responsively (0ms)
  ✘   10 [chromium] › e2e/editor-stage.test.ts:18:7 › T019 1280px Liquid Glass Light keeps the Editor stage reachable (1ms)
(node:6968) Warning: The 'NO_COLOR' env is ignored due to the 'FORCE_COLOR' env being set.
(Use `node --trace-warnings ...` to show where the warning was created)
(node:6967) Warning: The 'NO_COLOR' env is ignored due to the 'FORCE_COLOR' env being set.
(Use `node --trace-warnings ...` to show where the warning was created)
(node:6970) Warning: The 'NO_COLOR' env is ignored due to the 'FORCE_COLOR' env being set.
(Use `node --trace-warnings ...` to show where the warning was created)
(node:6969) Warning: The 'NO_COLOR' env is ignored due to the 'FORCE_COLOR' env being set.
(Use `node --trace-warnings ...` to show where the warning was created)
  ✘   11 [chromium] › e2e/appearance.test.ts:173:1 › retains the acknowledged palette when the bridge rejects an appearance write (1ms)
(node:6971) Warning: The 'NO_COLOR' env is ignored due to the 'FORCE_COLOR' env being set.
(Use `node --trace-warnings ...` to show where the warning was created)
  ✘   12 [chromium] › e2e/launcher-binding.test.ts:109:1 › T057 draws the launcher actions from the binding (0ms)
  ✘   14 [chromium] › e2e/interactive-states.test.ts:39:3 › T076 the Settings menu trigger lights up under the pointer (1ms)
  ✘   13 [chromium] › e2e/core-editor.test.ts:305:1 › STORY-022-AC-4 (EC-DOCS-12) keeps a focused Monaco source, caret, and selection across a metadata patch (1ms)
  ✘   15 [chromium] › e2e/editor-stage.test.ts:18:7 › T019 1280px Liquid Glass Dark keeps the Editor stage reachable (1ms)
(node:6974) Warning: The 'NO_COLOR' env is ignored due to the 'FORCE_COLOR' env being set.
(Use `node --trace-warnings ...` to show where the warning was created)
(node:6976) Warning: The 'NO_COLOR' env is ignored due to the 'FORCE_COLOR' env being set.
(Use `node --trace-warnings ...` to show where the warning was created)
(node:6977) Warning: The 'NO_COLOR' env is ignored due to the 'FORCE_COLOR' env being set.
(Use `node --trace-warnings ...` to show where the warning was created)
(node:6975) Warning: The 'NO_COLOR' env is ignored due to the 'FORCE_COLOR' env being set.
(Use `node --trace-warnings ...` to show where the warning was created)
  ✘   16 [chromium] › e2e/interactive-states.test.ts:60:3 › T076 the Settings menu trigger shows a visible focus ring (0ms)
  ✘   17 [chromium] › e2e/core-editor.test.ts:441:1 › STORY-018-AC-2 verifies the live editor preview flow (0ms)
  ✘   18 [chromium] › e2e/launcher-binding.test.ts:152:1 › T057 draws the launcher recents list from the binding (0ms)
  ✘   19 [chromium] › e2e/narrow-width.test.ts:218:1 › T084 375px reaches every relocated toolbar action through the overflow menu (1ms)
(node:6978) Warning: The 'NO_COLOR' env is ignored due to the 'FORCE_COLOR' env being set.
(Use `node --trace-warnings ...` to show where the warning was created)
  ✘   20 [chromium] › e2e/editor-stage.test.ts:18:7 › T019 1280px Material Auto (system) keeps the Editor stage reachable (0ms)
(node:6995) Warning: The 'NO_COLOR' env is ignored due to the 'FORCE_COLOR' env being set.
(Use `node --trace-warnings ...` to show where the warning was created)
(node:6994) Warning: The 'NO_COLOR' env is ignored due to the 'FORCE_COLOR' env being set.
(Use `node --trace-warnings ...` to show where the warning was created)
(node:6996) Warning: The 'NO_COLOR' env is ignored due to the 'FORCE_COLOR' env being set.
(Use `node --trace-warnings ...` to show where the warning was created)
(node:6997) Warning: The 'NO_COLOR' env is ignored due to the 'FORCE_COLOR' env being set.
(Use `node --trace-warnings ...` to show where the warning was created)
  ✘   21 [chromium] › e2e/core-editor.test.ts:542:1 › STORY-018-AC-3 matches the approved split-view reference (1ms)
  ✘   22 [chromium] › e2e/interactive-states.test.ts:39:3 › T076 the View menu trigger lights up under the pointer (1ms)
  ✘   23 [chromium] › e2e/offline-and-controls.test.ts:73:1 › FR-FT-048 makes no outbound request across five continuous minutes of a live application (1ms)
  ✘   24 [chromium] › e2e/narrow-width.test.ts:276:1 › T084 768px relocates exactly the list and insert groups to the overflow menu (0ms)
(node:7010) Warning: The 'NO_COLOR' env is ignored due to the 'FORCE_COLOR' env being set.
(Use `node --trace-warnings ...` to show where the warning was created)
  ✘   25 [chromium] › e2e/editor-stage.test.ts:18:7 › T019 1280px Material Light keeps the Editor stage reachable (1ms)
(node:7016) Warning: The 'NO_COLOR' env is ignored due to the 'FORCE_COLOR' env being set.
(Use `node --trace-warnings ...` to show where the warning was created)
(node:7015) Warning: The 'NO_COLOR' env is ignored due to the 'FORCE_COLOR' env being set.
(Use `node --trace-warnings ...` to show where the warning was created)
(node:7017) Warning: The 'NO_COLOR' env is ignored due to the 'FORCE_COLOR' env being set.
(Use `node --trace-warnings ...` to show where the warning was created)
(node:7018) Warning: The 'NO_COLOR' env is ignored due to the 'FORCE_COLOR' env being set.
(Use `node --trace-warnings ...` to show where the warning was created)
  ✘   26 [chromium] › e2e/offline-and-controls.test.ts:194:1 › FR-FT-049 keeps every deferred surface unavailable rather than absent or working (0ms)
  ✘   27 [chromium] › e2e/interactive-states.test.ts:60:3 › T076 the View menu trigger shows a visible focus ring (0ms)
  ✘   29 [chromium] › e2e/narrow-width.test.ts:370:5 › T084 768px keeps the menu row on one unwrapped line (0ms)
  ✘   28 [chromium] › e2e/core-editor.test.ts:651:1 › STORY-032-AC-3 presents deterministic 1280x720 candidate for owner approval (1ms)
(node:7020) Warning: The 'NO_COLOR' env is ignored due to the 'FORCE_COLOR' env being set.
(Use `node --trace-warnings ...` to show where the warning was created)
  ✘   30 [chromium] › e2e/editor-stage.test.ts:18:7 › T019 1280px Material Dark keeps the Editor stage reachable (1ms)
(node:7023) Warning: The 'NO_COLOR' env is ignored due to the 'FORCE_COLOR' env being set.
(Use `node --trace-warnings ...` to show where the warning was created)
(node:7024) Warning: The 'NO_COLOR' env is ignored due to the 'FORCE_COLOR' env being set.
(Use `node --trace-warnings ...` to show where the warning was created)
(node:7025) Warning: The 'NO_COLOR' env is ignored due to the 'FORCE_COLOR' env being set.
(Use `node --trace-warnings ...` to show where the warning was created)
(node:7022) Warning: The 'NO_COLOR' env is ignored due to the 'FORCE_COLOR' env being set.
(Use `node --trace-warnings ...` to show where the warning was created)
  ✘   31 [chromium] › e2e/interactive-states.test.ts:39:3 › T076 the About menu trigger lights up under the pointer (4ms)
  ✘   33 [chromium] › e2e/core-editor.test.ts:677:1 › STORY-018-AC-4 verifies view-mode and View-menu interaction (0ms)
  ✘   32 [chromium] › e2e/narrow-width.test.ts:370:5 › T084 768px keeps the tab strip on one unwrapped line (0ms)
  ✘   34 [chromium] › e2e/offline-and-controls.test.ts:299:1 › T189 renders no custom native frame and no deferred rich-rendering surface (3ms)
(node:7028) Warning: The 'NO_COLOR' env is ignored due to the 'FORCE_COLOR' env being set.
(Use `node --trace-warnings ...` to show where the warning was created)
  ✘   35 [chromium] › e2e/editor-stage.test.ts:18:7 › T019 1280px Minimal Auto (system) keeps the Editor stage reachable (1ms)
(node:7034) Warning: The 'NO_COLOR' env is ignored due to the 'FORCE_COLOR' env being set.
(Use `node --trace-warnings ...` to show where the warning was created)
(node:7036) Warning: The 'NO_COLOR' env is ignored due to the 'FORCE_COLOR' env being set.
(Use `node --trace-warnings ...` to show where the warning was created)
(node:7037) Warning: The 'NO_COLOR' env is ignored due to the 'FORCE_COLOR' env being set.
(Use `node --trace-warnings ...` to show where the warning was created)
(node:7038) Warning: The 'NO_COLOR' env is ignored due to the 'FORCE_COLOR' env being set.
(Use `node --trace-warnings ...` to show where the warning was created)
  ✘   36 [chromium] › e2e/interactive-states.test.ts:60:3 › T076 the About menu trigger shows a visible focus ring (0ms)
  ✘   37 [chromium] › e2e/real-files-and-tabs.test.ts:5:1 › FT-VS-01 operates New/Open from the real File menu and keeps the shell usable (1ms)
  ✘   38 [chromium] › e2e/narrow-width.test.ts:370:5 › T084 768px keeps the toolbar on one unwrapped line (1ms)
  ✘   39 [chromium] › e2e/real-files-parity.test.ts:1091:1 › T050 reference navigation reaches every mapped probe before capture (1ms)
  -   40 [chromium] › e2e/real-files-parity.test.ts:1113:1 › T057 pairs file-only launcher variants before any screenshot comparison
  -   41 [chromium] › e2e/real-files-parity.test.ts:1185:1 › T120 covers every additional parity state with an assertion that runs
(node:7039) Warning: The 'NO_COLOR' env is ignored due to the 'FORCE_COLOR' env being set.
(Use `node --trace-warnings ...` to show where the warning was created)
  ✘   42 [chromium] › e2e/editor-stage.test.ts:18:7 › T019 1280px Minimal Light keeps the Editor stage reachable (1ms)
(node:7040) Warning: The 'NO_COLOR' env is ignored due to the 'FORCE_COLOR' env being set.
(Use `node --trace-warnings ...` to show where the warning was created)
(node:7041) Warning: The 'NO_COLOR' env is ignored due to the 'FORCE_COLOR' env being set.
(Use `node --trace-warnings ...` to show where the warning was created)
(node:7042) Warning: The 'NO_COLOR' env is ignored due to the 'FORCE_COLOR' env being set.
(Use `node --trace-warnings ...` to show where the warning was created)
  ✘   43 [chromium] › e2e/interactive-states.test.ts:85:1 › T076 an open menu trigger is drawn as open (0ms)
(node:7043) Warning: The 'NO_COLOR' env is ignored due to the 'FORCE_COLOR' env being set.
(Use `node --trace-warnings ...` to show where the warning was created)
  ✘   44 [chromium] › e2e/narrow-width.test.ts:370:5 › T084 768px keeps the status row on one unwrapped line (1ms)
  ✘   45 [chromium] › e2e/real-files-and-tabs.test.ts:30:1 › FT-VS-02 flushes the latest edit and reports one explicit Save confirmation (0ms)
  ✘   46 [chromium] › e2e/window-shell.test.ts:408:5 › T026 shell matrix 375 glass light (1ms)
(node:7048) Warning: The 'NO_COLOR' env is ignored due to the 'FORCE_COLOR' env being set.
(Use `node --trace-warnings ...` to show where the warning was created)
  ✘   47 [chromium] › e2e/editor-stage.test.ts:18:7 › T019 1280px Minimal Dark keeps the Editor stage reachable (1ms)
(node:7049) Warning: The 'NO_COLOR' env is ignored due to the 'FORCE_COLOR' env being set.
(Use `node --trace-warnings ...` to show where the warning was created)
(node:7051) Warning: The 'NO_COLOR' env is ignored due to the 'FORCE_COLOR' env being set.
(Use `node --trace-warnings ...` to show where the warning was created)
(node:7050) Warning: The 'NO_COLOR' env is ignored due to the 'FORCE_COLOR' env being set.
(Use `node --trace-warnings ...` to show where the warning was created)
  ✘   48 [chromium] › e2e/interactive-states.test.ts:106:1 › T076 holds the arrangement segment at the toolbar trailing edge (0ms)
(node:7059) Warning: The 'NO_COLOR' env is ignored due to the 'FORCE_COLOR' env being set.
(Use `node --trace-warnings ...` to show where the warning was created)
  ✘   50 [chromium] › e2e/narrow-width.test.ts:445:3 › T084 768px keeps every status item unwrapped in the binding drop order (0ms)
  ✘   49 [chromium] › e2e/real-files-and-tabs.test.ts:60:1 › FT-VS-03 exposes real tabs, backend-confirmed menu moves, and exact navigation (0ms)
  ✘   51 [chromium] › e2e/window-shell.test.ts:408:5 › T026 shell matrix 375 glass dark (0ms)
(node:7061) Warning: The 'NO_COLOR' env is ignored due to the 'FORCE_COLOR' env being set.
(Use `node --trace-warnings ...` to show where the warning was created)
  ✘   52 [chromium] › e2e/editor-stage.test.ts:18:7 › T019 768px Liquid Glass Auto (system) keeps the Editor stage reachable (1ms)
(node:7073) Warning: The 'NO_COLOR' env is ignored due to the 'FORCE_COLOR' env being set.
(Use `node --trace-warnings ...` to show where the warning was created)
(node:7075) Warning: The 'NO_COLOR' env is ignored due to the 'FORCE_COLOR' env being set.
(Use `node --trace-warnings ...` to show where the warning was created)
(node:7074) Warning: The 'NO_COLOR' env is ignored due to the 'FORCE_COLOR' env being set.
(Use `node --trace-warnings ...` to show where the warning was created)
  ✘   53 [chromium] › e2e/interactive-states.test.ts:146:1 › T076 keeps every arrangement option reachable and exactly one checked (1ms)
(node:7076) Warning: The 'NO_COLOR' env is ignored due to the 'FORCE_COLOR' env being set.
(Use `node --trace-warnings ...` to show where the warning was created)
  ✘   54 [chromium] › e2e/narrow-width.test.ts:370:5 › T084 375px keeps the menu row on one unwrapped line (0ms)
  ✘   55 [chromium] › e2e/real-files-and-tabs.test.ts:107:1 › FR-FT-037 offers both actionable Reveal remediations, paints them, and runs each (0ms)
  ✘   56 [chromium] › e2e/window-shell.test.ts:408:5 › T026 shell matrix 375 material light (0ms)
(node:7078) Warning: The 'NO_COLOR' env is ignored due to the 'FORCE_COLOR' env being set.
(Use `node --trace-warnings ...` to show where the warning was created)
(node:7080) Warning: The 'NO_COLOR' env is ignored due to the 'FORCE_COLOR' env being set.
(Use `node --trace-warnings ...` to show where the warning was created)
  ✘   57 [chromium] › e2e/editor-stage.test.ts:18:7 › T019 768px Liquid Glass Light keeps the Editor stage reachable (0ms)
(node:7082) Warning: The 'NO_COLOR' env is ignored due to the 'FORCE_COLOR' env being set.
(Use `node --trace-warnings ...` to show where the warning was created)
(node:7081) Warning: The 'NO_COLOR' env is ignored due to the 'FORCE_COLOR' env being set.
(Use `node --trace-warnings ...` to show where the warning was created)
(node:7083) Warning: The 'NO_COLOR' env is ignored due to the 'FORCE_COLOR' env being set.
(Use `node --trace-warnings ...` to show where the warning was created)
  ✘   58 [parity] › e2e/targeted-parity.test.ts:1058:3 › T058 state-pairs the closed menubar in glass-light (0ms)
  -   61 [parity] › e2e/targeted-parity.test.ts:1058:3 › T058 state-pairs the closed menubar in glass-dark
  -   62 [parity] › e2e/targeted-parity.test.ts:1058:3 › T058 state-pairs the closed menubar in material-light
  -   63 [parity] › e2e/targeted-parity.test.ts:1058:3 › T058 state-pairs the closed menubar in material-dark
  -   64 [parity] › e2e/targeted-parity.test.ts:1058:3 › T058 state-pairs the closed menubar in minimal-light
  -   65 [parity] › e2e/targeted-parity.test.ts:1058:3 › T058 state-pairs the closed menubar in minimal-dark
  -   66 [parity] › e2e/targeted-parity.test.ts:1058:3 › T059 state-pairs the File popup in Minimal Light
  -   67 [parity] › e2e/targeted-parity.test.ts:1058:3 › T060 state-pairs the Settings popup in Minimal Light
  -   68 [parity] › e2e/targeted-parity.test.ts:1058:3 › T062 state-pairs tabs and toolbar in Minimal Light
  -   69 [parity] › e2e/targeted-parity.test.ts:1058:3 › T077 state-pairs the document toolbar in Minimal Light
  -   70 [parity] › e2e/targeted-parity.test.ts:1058:3 › T061 state-pairs the View popup in Minimal Light
  -   71 [parity] › e2e/targeted-parity.test.ts:1058:3 › T061 state-pairs the About popup in Minimal Light
  -   72 [parity] › e2e/targeted-parity.test.ts:1058:3 › T064 state-pairs the paused preview in Minimal Light
  -   73 [parity] › e2e/targeted-parity.test.ts:1415:3 › T063 verifies the six backend-authoritative editor-status states at 1280px Liquid Glass Light
  -   74 [parity] › e2e/targeted-parity.test.ts:1415:3 › T063 verifies the six backend-authoritative editor-status states at 1280px Liquid Glass Dark
  -   75 [parity] › e2e/targeted-parity.test.ts:1415:3 › T063 verifies the six backend-authoritative editor-status states at 1280px Material Light
  -   76 [parity] › e2e/targeted-parity.test.ts:1415:3 › T063 verifies the six backend-authoritative editor-status states at 1280px Material Dark
  -   77 [parity] › e2e/targeted-parity.test.ts:1415:3 › T063 verifies the six backend-authoritative editor-status states at 1280px Minimal Light
  -   78 [parity] › e2e/targeted-parity.test.ts:1415:3 › T063 verifies the six backend-authoritative editor-status states at 1280px Minimal Dark
  ✘   59 [chromium] › e2e/real-files-and-tabs.test.ts:196:1 › FR-FT-015 offers Retry on a refused Save and re-issues the write (1ms)
  ✘   60 [chromium] › e2e/narrow-width.test.ts:370:5 › T084 375px keeps the tab strip on one unwrapped line (1ms)
  ✘   79 [chromium] › e2e/window-shell.test.ts:408:5 › T026 shell matrix 375 material dark (1ms)
(node:7085) Warning: The 'NO_COLOR' env is ignored due to the 'FORCE_COLOR' env being set.
(Use `node --trace-warnings ...` to show where the warning was created)
  ✘   80 [chromium] › e2e/editor-stage.test.ts:18:7 › T019 768px Liquid Glass Dark keeps the Editor stage reachable (0ms)
(node:7094) Warning: The 'NO_COLOR' env is ignored due to the 'FORCE_COLOR' env being set.
(Use `node --trace-warnings ...` to show where the warning was created)
(node:7095) Warning: The 'NO_COLOR' env is ignored due to the 'FORCE_COLOR' env being set.
(Use `node --trace-warnings ...` to show where the warning was created)
(node:7096) Warning: The 'NO_COLOR' env is ignored due to the 'FORCE_COLOR' env being set.
(Use `node --trace-warnings ...` to show where the warning was created)
(node:7097) Warning: The 'NO_COLOR' env is ignored due to the 'FORCE_COLOR' env being set.
(Use `node --trace-warnings ...` to show where the warning was created)
  ✘   81 [chromium] › e2e/narrow-width.test.ts:370:5 › T084 375px keeps the toolbar on one unwrapped line (1ms)
  ✘   83 [parity] › e2e/targeted-parity.test.ts:1058:3 › T058 state-pairs the closed menubar in glass-light (0ms)
  -   84 [parity] › e2e/targeted-parity.test.ts:1058:3 › T058 state-pairs the closed menubar in glass-dark
  -   85 [parity] › e2e/targeted-parity.test.ts:1058:3 › T058 state-pairs the closed menubar in material-light
  -   86 [parity] › e2e/targeted-parity.test.ts:1058:3 › T058 state-pairs the closed menubar in material-dark
  -   87 [parity] › e2e/targeted-parity.test.ts:1058:3 › T058 state-pairs the closed menubar in minimal-light
  -   88 [parity] › e2e/targeted-parity.test.ts:1058:3 › T058 state-pairs the closed menubar in minimal-dark
  -   89 [parity] › e2e/targeted-parity.test.ts:1058:3 › T059 state-pairs the File popup in Minimal Light
  -   90 [parity] › e2e/targeted-parity.test.ts:1058:3 › T060 state-pairs the Settings popup in Minimal Light
  -   91 [parity] › e2e/targeted-parity.test.ts:1058:3 › T062 state-pairs tabs and toolbar in Minimal Light
  -   92 [parity] › e2e/targeted-parity.test.ts:1058:3 › T077 state-pairs the document toolbar in Minimal Light
  -   93 [parity] › e2e/targeted-parity.test.ts:1058:3 › T061 state-pairs the View popup in Minimal Light
  -   94 [parity] › e2e/targeted-parity.test.ts:1058:3 › T061 state-pairs the About popup in Minimal Light
  -   95 [parity] › e2e/targeted-parity.test.ts:1058:3 › T064 state-pairs the paused preview in Minimal Light
  -   96 [parity] › e2e/targeted-parity.test.ts:1415:3 › T063 verifies the six backend-authoritative editor-status states at 1280px Liquid Glass Light
  -   97 [parity] › e2e/targeted-parity.test.ts:1415:3 › T063 verifies the six backend-authoritative editor-status states at 1280px Liquid Glass Dark
  -   98 [parity] › e2e/targeted-parity.test.ts:1415:3 › T063 verifies the six backend-authoritative editor-status states at 1280px Material Light
  -   99 [parity] › e2e/targeted-parity.test.ts:1415:3 › T063 verifies the six backend-authoritative editor-status states at 1280px Material Dark
  -  100 [parity] › e2e/targeted-parity.test.ts:1415:3 › T063 verifies the six backend-authoritative editor-status states at 1280px Minimal Light
  -  101 [parity] › e2e/targeted-parity.test.ts:1415:3 › T063 verifies the six backend-authoritative editor-status states at 1280px Minimal Dark
  ✘   82 [chromium] › e2e/real-files-and-tabs.test.ts:255:1 › FT-VS-04 shows the bounded external-change prompt and safe Skip decision (0ms)
  ✘  102 [chromium] › e2e/window-shell.test.ts:408:5 › T026 shell matrix 375 minimal light (0ms)
(node:7098) Warning: The 'NO_COLOR' env is ignored due to the 'FORCE_COLOR' env being set.
(Use `node --trace-warnings ...` to show where the warning was created)
  ✘  103 [chromium] › e2e/editor-stage.test.ts:18:7 › T019 768px Material Auto (system) keeps the Editor stage reachable (1ms)
(node:7101) Warning: The 'NO_COLOR' env is ignored due to the 'FORCE_COLOR' env being set.
(Use `node --trace-warnings ...` to show where the warning was created)
(node:7099) Warning: The 'NO_COLOR' env is ignored due to the 'FORCE_COLOR' env being set.
(Use `node --trace-warnings ...` to show where the warning was created)
(node:7100) Warning: The 'NO_COLOR' env is ignored due to the 'FORCE_COLOR' env being set.
(Use `node --trace-warnings ...` to show where the warning was created)
(node:7102) Warning: The 'NO_COLOR' env is ignored due to the 'FORCE_COLOR' env being set.
(Use `node --trace-warnings ...` to show where the warning was created)
  ✘  104 [chromium] › e2e/narrow-width.test.ts:370:5 › T084 375px keeps the status row on one unwrapped line (1ms)
  ✘  105 [chromium] › e2e/real-files-and-tabs.test.ts:291:1 › FT-VS-05 exposes acknowledged autosave control and truthful save status wiring (1ms)
  ✘  106 [parity] › e2e/targeted-parity.test.ts:1058:3 › T058 state-pairs the closed menubar in glass-light (0ms)
  -  107 [parity] › e2e/targeted-parity.test.ts:1058:3 › T058 state-pairs the closed menubar in glass-dark
  -  108 [parity] › e2e/targeted-parity.test.ts:1058:3 › T058 state-pairs the closed menubar in material-light
  -  109 [parity] › e2e/targeted-parity.test.ts:1058:3 › T058 state-pairs the closed menubar in material-dark
  -  110 [parity] › e2e/targeted-parity.test.ts:1058:3 › T058 state-pairs the closed menubar in minimal-light
  -  111 [parity] › e2e/targeted-parity.test.ts:1058:3 › T058 state-pairs the closed menubar in minimal-dark
  -  112 [parity] › e2e/targeted-parity.test.ts:1058:3 › T059 state-pairs the File popup in Minimal Light
  -  113 [parity] › e2e/targeted-parity.test.ts:1058:3 › T060 state-pairs the Settings popup in Minimal Light
  -  114 [parity] › e2e/targeted-parity.test.ts:1058:3 › T062 state-pairs tabs and toolbar in Minimal Light
  -  115 [parity] › e2e/targeted-parity.test.ts:1058:3 › T077 state-pairs the document toolbar in Minimal Light
  -  116 [parity] › e2e/targeted-parity.test.ts:1058:3 › T061 state-pairs the View popup in Minimal Light
  -  117 [parity] › e2e/targeted-parity.test.ts:1058:3 › T061 state-pairs the About popup in Minimal Light
  -  118 [parity] › e2e/targeted-parity.test.ts:1058:3 › T064 state-pairs the paused preview in Minimal Light
  -  119 [parity] › e2e/targeted-parity.test.ts:1415:3 › T063 verifies the six backend-authoritative editor-status states at 1280px Liquid Glass Light
  -  120 [parity] › e2e/targeted-parity.test.ts:1415:3 › T063 verifies the six backend-authoritative editor-status states at 1280px Liquid Glass Dark
  -  121 [parity] › e2e/targeted-parity.test.ts:1415:3 › T063 verifies the six backend-authoritative editor-status states at 1280px Material Light
  -  122 [parity] › e2e/targeted-parity.test.ts:1415:3 › T063 verifies the six backend-authoritative editor-status states at 1280px Material Dark
  -  123 [parity] › e2e/targeted-parity.test.ts:1415:3 › T063 verifies the six backend-authoritative editor-status states at 1280px Minimal Light
  -  124 [parity] › e2e/targeted-parity.test.ts:1415:3 › T063 verifies the six backend-authoritative editor-status states at 1280px Minimal Dark
  ✘  125 [chromium] › e2e/window-shell.test.ts:408:5 › T026 shell matrix 375 minimal dark (0ms)
(node:7103) Warning: The 'NO_COLOR' env is ignored due to the 'FORCE_COLOR' env being set.
(Use `node --trace-warnings ...` to show where the warning was created)
  ✘  126 [chromium] › e2e/editor-stage.test.ts:18:7 › T019 768px Material Light keeps the Editor stage reachable (0ms)
(node:7104) Warning: The 'NO_COLOR' env is ignored due to the 'FORCE_COLOR' env being set.
(Use `node --trace-warnings ...` to show where the warning was created)
(node:7105) Warning: The 'NO_COLOR' env is ignored due to the 'FORCE_COLOR' env being set.
(Use `node --trace-warnings ...` to show where the warning was created)
(node:7106) Warning: The 'NO_COLOR' env is ignored due to the 'FORCE_COLOR' env being set.
(Use `node --trace-warnings ...` to show where the warning was created)
  ✘  127 [chromium] › e2e/real-files-and-tabs.test.ts:333:1 › FT-VS-06 close plan gathers a complete choice before any tab removal (0ms)
  ✘  128 [chromium] › e2e/narrow-width.test.ts:445:3 › T084 375px keeps every status item unwrapped in the binding drop order (0ms)
  ✘  129 [chromium] › e2e/window-shell.test.ts:408:5 › T026 shell matrix 768 glass light (1ms)
(node:7107) Warning: The 'NO_COLOR' env is ignored due to the 'FORCE_COLOR' env being set.
(Use `node --trace-warnings ...` to show where the warning was created)
(node:7108) Warning: The 'NO_COLOR' env is ignored due to the 'FORCE_COLOR' env being set.
(Use `node --trace-warnings ...` to show where the warning was created)
(node:7109) Warning: The 'NO_COLOR' env is ignored due to the 'FORCE_COLOR' env being set.
(Use `node --trace-warnings ...` to show where the warning was created)
  ✘  130 [chromium] › e2e/editor-stage.test.ts:18:7 › T019 768px Material Dark keeps the Editor stage reachable (0ms)
(node:7110) Warning: The 'NO_COLOR' env is ignored due to the 'FORCE_COLOR' env being set.
(Use `node --trace-warnings ...` to show where the warning was created)
  ✘  131 [chromium] › e2e/narrow-width.test.ts:503:1 › T084 768px keeps the close prompt reachable, contained and answerable (0ms)
  ✘  132 [chromium] › e2e/real-files-and-tabs.test.ts:378:1 › T141 middle-click closes the targeted tab through the same dirty-close prompt (0ms)
  ✘  133 [chromium] › e2e/window-shell.test.ts:408:5 › T026 shell matrix 768 glass dark (1ms)
(node:7111) Warning: The 'NO_COLOR' env is ignored due to the 'FORCE_COLOR' env being set.
(Use `node --trace-warnings ...` to show where the warning was created)
(node:7113) Warning: The 'NO_COLOR' env is ignored due to the 'FORCE_COLOR' env being set.
(Use `node --trace-warnings ...` to show where the warning was created)
(node:7112) Warning: The 'NO_COLOR' env is ignored due to the 'FORCE_COLOR' env being set.
(Use `node --trace-warnings ...` to show where the warning was created)
(node:7114) Warning: The 'NO_COLOR' env is ignored due to the 'FORCE_COLOR' env being set.
(Use `node --trace-warnings ...` to show where the warning was created)
  ✘  134 [chromium] › e2e/editor-stage.test.ts:18:7 › T019 768px Minimal Auto (system) keeps the Editor stage reachable (0ms)
  ✘  135 [chromium] › e2e/real-files-and-tabs.test.ts:409:1 › T145 exposes every tab as an owned child of the tablist controlling the editor panel (1ms)
  ✘  136 [chromium] › e2e/narrow-width.test.ts:551:1 › T084 768px keeps the external-change prompt reachable, contained and answerable (0ms)
  ✘  137 [chromium] › e2e/window-shell.test.ts:408:5 › T026 shell matrix 768 material light (1ms)
(node:7124) Warning: The 'NO_COLOR' env is ignored due to the 'FORCE_COLOR' env being set.
(Use `node --trace-warnings ...` to show where the warning was created)
(node:7126) Warning: The 'NO_COLOR' env is ignored due to the 'FORCE_COLOR' env being set.
(Use `node --trace-warnings ...` to show where the warning was created)
(node:7127) Warning: The 'NO_COLOR' env is ignored due to the 'FORCE_COLOR' env being set.
(Use `node --trace-warnings ...` to show where the warning was created)
(node:7128) Warning: The 'NO_COLOR' env is ignored due to the 'FORCE_COLOR' env being set.
(Use `node --trace-warnings ...` to show where the warning was created)
  ✘  138 [chromium] › e2e/editor-stage.test.ts:18:7 › T019 768px Minimal Light keeps the Editor stage reachable (1ms)
  ✘  139 [chromium] › e2e/real-files-and-tabs.test.ts:462:1 › T153 returns focus to the launcher New control when the last tab closes (1ms)
  ✘  140 [chromium] › e2e/narrow-width.test.ts:587:1 › T084 768px keeps the normalization prompt reachable, contained and answerable (0ms)
  ✘  141 [chromium] › e2e/window-shell.test.ts:408:5 › T026 shell matrix 768 material dark (1ms)
(node:7129) Warning: The 'NO_COLOR' env is ignored due to the 'FORCE_COLOR' env being set.
(Use `node --trace-warnings ...` to show where the warning was created)
(node:7130) Warning: The 'NO_COLOR' env is ignored due to the 'FORCE_COLOR' env being set.
(Use `node --trace-warnings ...` to show where the warning was created)
(node:7131) Warning: The 'NO_COLOR' env is ignored due to the 'FORCE_COLOR' env being set.
(Use `node --trace-warnings ...` to show where the warning was created)
(node:7132) Warning: The 'NO_COLOR' env is ignored due to the 'FORCE_COLOR' env being set.
(Use `node --trace-warnings ...` to show where the warning was created)
  ✘  142 [chromium] › e2e/narrow-width.test.ts:636:1 › T084 768px renders, contains and operates the real launcher (0ms)
  ✘  143 [chromium] › e2e/real-files-and-tabs.test.ts:486:1 › T129 reorders the active tab with the Move accelerators and no-ops at the edge (1ms)
  ✘  144 [chromium] › e2e/editor-stage.test.ts:18:7 › T019 768px Minimal Dark keeps the Editor stage reachable (1ms)
  ✘  145 [chromium] › e2e/window-shell.test.ts:408:5 › T026 shell matrix 768 minimal light (1ms)
(node:7133) Warning: The 'NO_COLOR' env is ignored due to the 'FORCE_COLOR' env being set.
(Use `node --trace-warnings ...` to show where the warning was created)
(node:7134) Warning: The 'NO_COLOR' env is ignored due to the 'FORCE_COLOR' env being set.
(Use `node --trace-warnings ...` to show where the warning was created)
(node:7135) Warning: The 'NO_COLOR' env is ignored due to the 'FORCE_COLOR' env being set.
(Use `node --trace-warnings ...` to show where the warning was created)
(node:7136) Warning: The 'NO_COLOR' env is ignored due to the 'FORCE_COLOR' env being set.
(Use `node --trace-warnings ...` to show where the warning was created)
  ✘  146 [chromium] › e2e/narrow-width.test.ts:699:3 › T084 768px switches to Preview through the View menu and fills the region (1ms)
  ✘  147 [chromium] › e2e/real-files-and-tabs.test.ts:545:1 › T130 paints the drop position during a tab drag and reorders on release (0ms)
  ✘  148 [chromium] › e2e/editor-stage.test.ts:18:7 › T019 375px Liquid Glass Auto (system) keeps the Editor stage reachable (1ms)
  ✘  149 [chromium] › e2e/window-shell.test.ts:408:5 › T026 shell matrix 768 minimal dark (1ms)
(node:7137) Warning: The 'NO_COLOR' env is ignored due to the 'FORCE_COLOR' env being set.
(Use `node --trace-warnings ...` to show where the warning was created)
(node:7138) Warning: The 'NO_COLOR' env is ignored due to the 'FORCE_COLOR' env being set.
(Use `node --trace-warnings ...` to show where the warning was created)
(node:7139) Warning: The 'NO_COLOR' env is ignored due to the 'FORCE_COLOR' env being set.
(Use `node --trace-warnings ...` to show where the warning was created)
(node:7140) Warning: The 'NO_COLOR' env is ignored due to the 'FORCE_COLOR' env being set.
(Use `node --trace-warnings ...` to show where the warning was created)
  ✘  150 [chromium] › e2e/narrow-width.test.ts:758:3 › T084 768px keeps the paused preview refresh control reachable (0ms)
  ✘  151 [chromium] › e2e/real-files-and-tabs.test.ts:602:1 › FT-VS-07 proves recents, reopen, launcher, and responsive status controls (0ms)
  ✘  152 [chromium] › e2e/editor-stage.test.ts:18:7 › T019 375px Liquid Glass Light keeps the Editor stage reachable (0ms)
  ✘  153 [chromium] › e2e/window-shell.test.ts:408:5 › T026 shell matrix 1280 glass light (0ms)
(node:7141) Warning: The 'NO_COLOR' env is ignored due to the 'FORCE_COLOR' env being set.
(Use `node --trace-warnings ...` to show where the warning was created)
(node:7142) Warning: The 'NO_COLOR' env is ignored due to the 'FORCE_COLOR' env being set.
(Use `node --trace-warnings ...` to show where the warning was created)
(node:7143) Warning: The 'NO_COLOR' env is ignored due to the 'FORCE_COLOR' env being set.
(Use `node --trace-warnings ...` to show where the warning was created)
(node:7144) Warning: The 'NO_COLOR' env is ignored due to the 'FORCE_COLOR' env being set.
(Use `node --trace-warnings ...` to show where the warning was created)
  ✘  154 [chromium] › e2e/narrow-width.test.ts:699:3 › T084 375px switches to Preview through the View menu and fills the region (1ms)
  ✘  155 [chromium] › e2e/real-files-and-tabs.test.ts:716:1 › T051 keeps parity launchers isolated from the FT-VS-07 recent seed (1ms)
  ✘  156 [chromium] › e2e/editor-stage.test.ts:18:7 › T019 375px Liquid Glass Dark keeps the Editor stage reachable (0ms)
  ✘  157 [chromium] › e2e/window-shell.test.ts:408:5 › T026 shell matrix 1280 glass dark (0ms)
(node:7145) Warning: The 'NO_COLOR' env is ignored due to the 'FORCE_COLOR' env being set.
(Use `node --trace-warnings ...` to show where the warning was created)
(node:7146) Warning: The 'NO_COLOR' env is ignored due to the 'FORCE_COLOR' env being set.
(Use `node --trace-warnings ...` to show where the warning was created)
(node:7147) Warning: The 'NO_COLOR' env is ignored due to the 'FORCE_COLOR' env being set.
(Use `node --trace-warnings ...` to show where the warning was created)
(node:7148) Warning: The 'NO_COLOR' env is ignored due to the 'FORCE_COLOR' env being set.
(Use `node --trace-warnings ...` to show where the warning was created)
  ✘  158 [chromium] › e2e/narrow-width.test.ts:758:3 › T084 375px keeps the paused preview refresh control reachable (0ms)
  ✘  159 [chromium] › e2e/real-files-and-tabs.test.ts:747:1 › FT-VS-08 keeps the close prompt until an explicit choice is made (0ms)
  ✘  160 [chromium] › e2e/editor-stage.test.ts:18:7 › T019 375px Material Auto (system) keeps the Editor stage reachable (1ms)
  ✘  161 [chromium] › e2e/window-shell.test.ts:408:5 › T026 shell matrix 1280 material light (1ms)
(node:7158) Warning: The 'NO_COLOR' env is ignored due to the 'FORCE_COLOR' env being set.
(Use `node --trace-warnings ...` to show where the warning was created)
(node:7159) Warning: The 'NO_COLOR' env is ignored due to the 'FORCE_COLOR' env being set.
(Use `node --trace-warnings ...` to show where the warning was created)
(node:7160) Warning: The 'NO_COLOR' env is ignored due to the 'FORCE_COLOR' env being set.
(Use `node --trace-warnings ...` to show where the warning was created)
  ✘  162 [chromium] › e2e/real-files-and-tabs.test.ts:802:1 › FT-VS-09 refuses the forty-first document and names the limit (1ms)
  ✘  163 [chromium] › e2e/editor-stage.test.ts:18:7 › T019 375px Material Light keeps the Editor stage reachable (1ms)
  ✘  164 [chromium] › e2e/window-shell.test.ts:408:5 › T026 shell matrix 1280 material dark (0ms)
(node:7161) Warning: The 'NO_COLOR' env is ignored due to the 'FORCE_COLOR' env being set.
(Use `node --trace-warnings ...` to show where the warning was created)
(node:7162) Warning: The 'NO_COLOR' env is ignored due to the 'FORCE_COLOR' env being set.
(Use `node --trace-warnings ...` to show where the warning was created)
(node:7163) Warning: The 'NO_COLOR' env is ignored due to the 'FORCE_COLOR' env being set.
(Use `node --trace-warnings ...` to show where the warning was created)
  ✘  165 [chromium] › e2e/real-files-and-tabs.test.ts:828:1 › FT-VS-09 refuses an over-50-MiB file and names the limit (1ms)
  ✘  167 [chromium] › e2e/window-shell.test.ts:408:5 › T026 shell matrix 1280 minimal light (0ms)
  ✘  166 [chromium] › e2e/editor-stage.test.ts:18:7 › T019 375px Material Dark keeps the Editor stage reachable (1ms)
(node:7164) Warning: The 'NO_COLOR' env is ignored due to the 'FORCE_COLOR' env being set.
(Use `node --trace-warnings ...` to show where the warning was created)
(node:7165) Warning: The 'NO_COLOR' env is ignored due to the 'FORCE_COLOR' env being set.
(Use `node --trace-warnings ...` to show where the warning was created)
(node:7166) Warning: The 'NO_COLOR' env is ignored due to the 'FORCE_COLOR' env being set.
(Use `node --trace-warnings ...` to show where the warning was created)
  ✘  168 [chromium] › e2e/real-files-and-tabs.test.ts:864:1 › FT-VS-10 dispatches the File accelerators the menu advertises (0ms)
  ✘  169 [chromium] › e2e/window-shell.test.ts:408:5 › T026 shell matrix 1280 minimal dark (0ms)
  ✘  170 [chromium] › e2e/editor-stage.test.ts:18:7 › T019 375px Minimal Auto (system) keeps the Editor stage reachable (0ms)
(node:7167) Warning: The 'NO_COLOR' env is ignored due to the 'FORCE_COLOR' env being set.
(Use `node --trace-warnings ...` to show where the warning was created)
(node:7168) Warning: The 'NO_COLOR' env is ignored due to the 'FORCE_COLOR' env being set.
(Use `node --trace-warnings ...` to show where the warning was created)
(node:7169) Warning: The 'NO_COLOR' env is ignored due to the 'FORCE_COLOR' env being set.
(Use `node --trace-warnings ...` to show where the warning was created)
  ✘  171 [chromium] › e2e/real-files-and-tabs.test.ts:918:1 › T144 keeps the distinguishing suffix painted when the pixel budget truncates the tab label (0ms)
  ✘  172 [chromium] › e2e/window-shell.test.ts:553:1 › T039 native minimum frame rounding drops the workspace entirely (1ms)
  ✘  173 [chromium] › e2e/editor-stage.test.ts:18:7 › T019 375px Minimal Light keeps the Editor stage reachable (0ms)
(node:7170) Warning: The 'NO_COLOR' env is ignored due to the 'FORCE_COLOR' env being set.
(Use `node --trace-warnings ...` to show where the warning was created)
(node:7171) Warning: The 'NO_COLOR' env is ignored due to the 'FORCE_COLOR' env being set.
(Use `node --trace-warnings ...` to show where the warning was created)
  ✘  174 [chromium] › e2e/real-files-and-tabs.test.ts:984:1 › T188 reports a refused activation exactly once (0ms)
(node:7172) Warning: The 'NO_COLOR' env is ignored due to the 'FORCE_COLOR' env being set.
(Use `node --trace-warnings ...` to show where the warning was created)
  ✘  175 [chromium] › e2e/window-shell.test.ts:586:3 › T040 Settings popup stays operable inside the 375px viewport (1ms)
  ✘  176 [chromium] › e2e/editor-stage.test.ts:18:7 › T019 375px Minimal Dark keeps the Editor stage reachable (0ms)
(node:7173) Warning: The 'NO_COLOR' env is ignored due to the 'FORCE_COLOR' env being set.
(Use `node --trace-warnings ...` to show where the warning was created)
(node:7174) Warning: The 'NO_COLOR' env is ignored due to the 'FORCE_COLOR' env being set.
(Use `node --trace-warnings ...` to show where the warning was created)
  ✘  177 [chromium] › e2e/real-files-and-tabs.test.ts:1027:1 › T164 reports a refused close exactly once and keeps its Retry (0ms)
(node:7175) Warning: The 'NO_COLOR' env is ignored due to the 'FORCE_COLOR' env being set.
(Use `node --trace-warnings ...` to show where the warning was created)
  ✘  178 [chromium] › e2e/window-shell.test.ts:586:3 › T040 Settings popup stays operable inside the 768px viewport (0ms)
  ✘  179 [chromium] › e2e/editor-stage.test.ts:141:7 › T070 1280px Liquid Glass Auto (system) keeps popup ownership and geometry safe (0ms)
(node:7176) Warning: The 'NO_COLOR' env is ignored due to the 'FORCE_COLOR' env being set.
(Use `node --trace-warnings ...` to show where the warning was created)
(node:7177) Warning: The 'NO_COLOR' env is ignored due to the 'FORCE_COLOR' env being set.
(Use `node --trace-warnings ...` to show where the warning was created)
  ✘  180 [chromium] › e2e/real-files-and-tabs.test.ts:1067:1 › T177 draws the dragged tab at reduced opacity while it is in flight (1ms)
(node:7178) Warning: The 'NO_COLOR' env is ignored due to the 'FORCE_COLOR' env being set.
(Use `node --trace-warnings ...` to show where the warning was created)
  ✘  181 [chromium] › e2e/window-shell.test.ts:586:3 › T040 Settings popup stays operable inside the 1280px viewport (0ms)
  ✘  182 [chromium] › e2e/editor-stage.test.ts:141:7 › T070 1280px Liquid Glass Light keeps popup ownership and geometry safe (0ms)
(node:7188) Warning: The 'NO_COLOR' env is ignored due to the 'FORCE_COLOR' env being set.
(Use `node --trace-warnings ...` to show where the warning was created)
(node:7189) Warning: The 'NO_COLOR' env is ignored due to the 'FORCE_COLOR' env being set.
(Use `node --trace-warnings ...` to show where the warning was created)
  ✘  183 [chromium] › e2e/real-files-and-tabs.test.ts:1118:1 › T177 auto-scrolls the tab strip when a drag reaches its trailing edge (1ms)
(node:7190) Warning: The 'NO_COLOR' env is ignored due to the 'FORCE_COLOR' env being set.
(Use `node --trace-warnings ...` to show where the warning was created)
  ✘  184 [chromium] › e2e/window-shell.test.ts:651:5 › T041 Close control restores the connected 375px Settings opener (0ms)
  ✘  185 [chromium] › e2e/editor-stage.test.ts:141:7 › T070 1280px Liquid Glass Dark keeps popup ownership and geometry safe (1ms)
(node:7191) Warning: The 'NO_COLOR' env is ignored due to the 'FORCE_COLOR' env being set.
(Use `node --trace-warnings ...` to show where the warning was created)
(node:7192) Warning: The 'NO_COLOR' env is ignored due to the 'FORCE_COLOR' env being set.
(Use `node --trace-warnings ...` to show where the warning was created)
  ✘  186 [chromium] › e2e/real-files-and-tabs.test.ts:1183:1 › T192 keeps the reloaded content when the next edit is saved (0ms)
  ✘  187 [chromium] › e2e/window-shell.test.ts:651:5 › T041 Escape restores the connected 375px Settings opener (0ms)
(node:7193) Warning: The 'NO_COLOR' env is ignored due to the 'FORCE_COLOR' env being set.
(Use `node --trace-warnings ...` to show where the warning was created)
  ✘  188 [chromium] › e2e/editor-stage.test.ts:141:7 › T070 1280px Material Auto (system) keeps popup ownership and geometry safe (1ms)
(node:7194) Warning: The 'NO_COLOR' env is ignored due to the 'FORCE_COLOR' env being set.
(Use `node --trace-warnings ...` to show where the warning was created)
  ✘  189 [chromium] › e2e/window-shell.test.ts:651:5 › T041 Close control restores the connected 1280px Settings opener (0ms)
(node:7195) Warning: The 'NO_COLOR' env is ignored due to the 'FORCE_COLOR' env being set.
(Use `node --trace-warnings ...` to show where the warning was created)
  ✘  190 [chromium] › e2e/editor-stage.test.ts:141:7 › T070 1280px Material Light keeps popup ownership and geometry safe (0ms)
(node:7196) Warning: The 'NO_COLOR' env is ignored due to the 'FORCE_COLOR' env being set.
(Use `node --trace-warnings ...` to show where the warning was created)
  ✘  191 [chromium] › e2e/window-shell.test.ts:651:5 › T041 Escape restores the connected 1280px Settings opener (0ms)
(node:7197) Warning: The 'NO_COLOR' env is ignored due to the 'FORCE_COLOR' env being set.
(Use `node --trace-warnings ...` to show where the warning was created)
  ✘  192 [chromium] › e2e/editor-stage.test.ts:141:7 › T070 1280px Material Dark keeps popup ownership and geometry safe (1ms)
(node:7198) Warning: The 'NO_COLOR' env is ignored due to the 'FORCE_COLOR' env being set.
(Use `node --trace-warnings ...` to show where the warning was created)
  ✘  193 [chromium] › e2e/window-shell.test.ts:682:1 › T026 shell actions, focus, reset, sidebar, notification, identity, and absence (0ms)
(node:7199) Warning: The 'NO_COLOR' env is ignored due to the 'FORCE_COLOR' env being set.
(Use `node --trace-warnings ...` to show where the warning was created)
  ✘  194 [chromium] › e2e/editor-stage.test.ts:141:7 › T070 1280px Minimal Auto (system) keeps popup ownership and geometry safe (0ms)
(node:7200) Warning: The 'NO_COLOR' env is ignored due to the 'FORCE_COLOR' env being set.
(Use `node --trace-warnings ...` to show where the warning was created)
  ✘  195 [chromium] › e2e/window-shell.test.ts:747:1 › T029 keeps a long localized shell label and its two-layer keyboard focus ring visible (1ms)
(node:7201) Warning: The 'NO_COLOR' env is ignored due to the 'FORCE_COLOR' env being set.
(Use `node --trace-warnings ...` to show where the warning was created)
  ✘  196 [chromium] › e2e/editor-stage.test.ts:141:7 › T070 1280px Minimal Light keeps popup ownership and geometry safe (0ms)
(node:7202) Warning: The 'NO_COLOR' env is ignored due to the 'FORCE_COLOR' env being set.
(Use `node --trace-warnings ...` to show where the warning was created)
  ✘  197 [chromium] › e2e/window-shell.test.ts:809:1 › T026 representative shell journey stays local-only (0ms)
(node:7203) Warning: The 'NO_COLOR' env is ignored due to the 'FORCE_COLOR' env being set.
(Use `node --trace-warnings ...` to show where the warning was created)
  ✘  198 [chromium] › e2e/editor-stage.test.ts:141:7 › T070 1280px Minimal Dark keeps popup ownership and geometry safe (1ms)
(node:7213) Warning: The 'NO_COLOR' env is ignored due to the 'FORCE_COLOR' env being set.
(Use `node --trace-warnings ...` to show where the warning was created)
  ✘  199 [chromium] › e2e/window-shell.test.ts:832:1 › T026 retains at least 20 measured resize and divider samples (0ms)
(node:7214) Warning: The 'NO_COLOR' env is ignored due to the 'FORCE_COLOR' env being set.
(Use `node --trace-warnings ...` to show where the warning was created)
  ✘  200 [chromium] › e2e/editor-stage.test.ts:141:7 › T070 768px Liquid Glass Auto (system) keeps popup ownership and geometry safe (0ms)
(node:7215) Warning: The 'NO_COLOR' env is ignored due to the 'FORCE_COLOR' env being set.
(Use `node --trace-warnings ...` to show where the warning was created)
  ✘  201 [chromium] › e2e/editor-stage.test.ts:141:7 › T070 768px Liquid Glass Light keeps popup ownership and geometry safe (1ms)
(node:7222) Warning: The 'NO_COLOR' env is ignored due to the 'FORCE_COLOR' env being set.
(Use `node --trace-warnings ...` to show where the warning was created)
  ✘  202 [chromium] › e2e/editor-stage.test.ts:141:7 › T070 768px Liquid Glass Dark keeps popup ownership and geometry safe (1ms)
(node:7226) Warning: The 'NO_COLOR' env is ignored due to the 'FORCE_COLOR' env being set.
(Use `node --trace-warnings ...` to show where the warning was created)
  ✘  203 [chromium] › e2e/editor-stage.test.ts:141:7 › T070 768px Material Auto (system) keeps popup ownership and geometry safe (1ms)
(node:7227) Warning: The 'NO_COLOR' env is ignored due to the 'FORCE_COLOR' env being set.
(Use `node --trace-warnings ...` to show where the warning was created)
  ✘  204 [chromium] › e2e/editor-stage.test.ts:141:7 › T070 768px Material Light keeps popup ownership and geometry safe (1ms)
(node:7229) Warning: The 'NO_COLOR' env is ignored due to the 'FORCE_COLOR' env being set.
(Use `node --trace-warnings ...` to show where the warning was created)
  ✘  205 [chromium] › e2e/editor-stage.test.ts:141:7 › T070 768px Material Dark keeps popup ownership and geometry safe (1ms)
(node:7248) Warning: The 'NO_COLOR' env is ignored due to the 'FORCE_COLOR' env being set.
(Use `node --trace-warnings ...` to show where the warning was created)
  ✘  206 [chromium] › e2e/editor-stage.test.ts:141:7 › T070 768px Minimal Auto (system) keeps popup ownership and geometry safe (1ms)
(node:7250) Warning: The 'NO_COLOR' env is ignored due to the 'FORCE_COLOR' env being set.
(Use `node --trace-warnings ...` to show where the warning was created)
  ✘  207 [chromium] › e2e/editor-stage.test.ts:141:7 › T070 768px Minimal Light keeps popup ownership and geometry safe (1ms)
(node:7251) Warning: The 'NO_COLOR' env is ignored due to the 'FORCE_COLOR' env being set.
(Use `node --trace-warnings ...` to show where the warning was created)
  ✘  208 [chromium] › e2e/editor-stage.test.ts:141:7 › T070 768px Minimal Dark keeps popup ownership and geometry safe (1ms)
(node:7252) Warning: The 'NO_COLOR' env is ignored due to the 'FORCE_COLOR' env being set.
(Use `node --trace-warnings ...` to show where the warning was created)
  ✘  209 [chromium] › e2e/editor-stage.test.ts:141:7 › T070 375px Liquid Glass Auto (system) keeps popup ownership and geometry safe (1ms)
(node:7253) Warning: The 'NO_COLOR' env is ignored due to the 'FORCE_COLOR' env being set.
(Use `node --trace-warnings ...` to show where the warning was created)
  ✘  210 [chromium] › e2e/editor-stage.test.ts:141:7 › T070 375px Liquid Glass Light keeps popup ownership and geometry safe (1ms)
(node:7254) Warning: The 'NO_COLOR' env is ignored due to the 'FORCE_COLOR' env being set.
(Use `node --trace-warnings ...` to show where the warning was created)
  ✘  211 [chromium] › e2e/editor-stage.test.ts:141:7 › T070 375px Liquid Glass Dark keeps popup ownership and geometry safe (0ms)
(node:7264) Warning: The 'NO_COLOR' env is ignored due to the 'FORCE_COLOR' env being set.
(Use `node --trace-warnings ...` to show where the warning was created)
  ✘  212 [chromium] › e2e/editor-stage.test.ts:141:7 › T070 375px Material Auto (system) keeps popup ownership and geometry safe (1ms)
(node:7265) Warning: The 'NO_COLOR' env is ignored due to the 'FORCE_COLOR' env being set.
(Use `node --trace-warnings ...` to show where the warning was created)
  ✘  213 [chromium] › e2e/editor-stage.test.ts:141:7 › T070 375px Material Light keeps popup ownership and geometry safe (1ms)
(node:7266) Warning: The 'NO_COLOR' env is ignored due to the 'FORCE_COLOR' env being set.
(Use `node --trace-warnings ...` to show where the warning was created)
  ✘  214 [chromium] › e2e/editor-stage.test.ts:141:7 › T070 375px Material Dark keeps popup ownership and geometry safe (1ms)
(node:7267) Warning: The 'NO_COLOR' env is ignored due to the 'FORCE_COLOR' env being set.
(Use `node --trace-warnings ...` to show where the warning was created)
  ✘  215 [chromium] › e2e/editor-stage.test.ts:141:7 › T070 375px Minimal Auto (system) keeps popup ownership and geometry safe (1ms)
(node:7268) Warning: The 'NO_COLOR' env is ignored due to the 'FORCE_COLOR' env being set.
(Use `node --trace-warnings ...` to show where the warning was created)
  ✘  216 [chromium] › e2e/editor-stage.test.ts:141:7 › T070 375px Minimal Light keeps popup ownership and geometry safe (0ms)
(node:7269) Warning: The 'NO_COLOR' env is ignored due to the 'FORCE_COLOR' env being set.
(Use `node --trace-warnings ...` to show where the warning was created)
  ✘  217 [chromium] › e2e/editor-stage.test.ts:141:7 › T070 375px Minimal Dark keeps popup ownership and geometry safe (1ms)
(node:7270) Warning: The 'NO_COLOR' env is ignored due to the 'FORCE_COLOR' env being set.
(Use `node --trace-warnings ...` to show where the warning was created)
  ✘  218 [chromium] › e2e/editor-stage.test.ts:322:7 › T069 1280px Liquid Glass Auto (system) retains the mockup chrome hierarchy (0ms)
(node:7280) Warning: The 'NO_COLOR' env is ignored due to the 'FORCE_COLOR' env being set.
(Use `node --trace-warnings ...` to show where the warning was created)
  ✘  219 [chromium] › e2e/editor-stage.test.ts:322:7 › T069 1280px Liquid Glass Light retains the mockup chrome hierarchy (0ms)
(node:7283) Warning: The 'NO_COLOR' env is ignored due to the 'FORCE_COLOR' env being set.
(Use `node --trace-warnings ...` to show where the warning was created)
  ✘  220 [chromium] › e2e/editor-stage.test.ts:322:7 › T069 1280px Liquid Glass Dark retains the mockup chrome hierarchy (1ms)
(node:7284) Warning: The 'NO_COLOR' env is ignored due to the 'FORCE_COLOR' env being set.
(Use `node --trace-warnings ...` to show where the warning was created)
  ✘  221 [chromium] › e2e/editor-stage.test.ts:322:7 › T069 1280px Material Auto (system) retains the mockup chrome hierarchy (0ms)
(node:7288) Warning: The 'NO_COLOR' env is ignored due to the 'FORCE_COLOR' env being set.
(Use `node --trace-warnings ...` to show where the warning was created)
  ✘  222 [chromium] › e2e/editor-stage.test.ts:322:7 › T069 1280px Material Light retains the mockup chrome hierarchy (1ms)
(node:7289) Warning: The 'NO_COLOR' env is ignored due to the 'FORCE_COLOR' env being set.
(Use `node --trace-warnings ...` to show where the warning was created)
  ✘  223 [chromium] › e2e/editor-stage.test.ts:322:7 › T069 1280px Material Dark retains the mockup chrome hierarchy (0ms)
(node:7290) Warning: The 'NO_COLOR' env is ignored due to the 'FORCE_COLOR' env being set.
(Use `node --trace-warnings ...` to show where the warning was created)
  ✘  224 [chromium] › e2e/editor-stage.test.ts:322:7 › T069 1280px Minimal Auto (system) retains the mockup chrome hierarchy (1ms)
(node:7291) Warning: The 'NO_COLOR' env is ignored due to the 'FORCE_COLOR' env being set.
(Use `node --trace-warnings ...` to show where the warning was created)
  ✘  225 [chromium] › e2e/editor-stage.test.ts:322:7 › T069 1280px Minimal Light retains the mockup chrome hierarchy (0ms)
(node:7303) Warning: The 'NO_COLOR' env is ignored due to the 'FORCE_COLOR' env being set.
(Use `node --trace-warnings ...` to show where the warning was created)
  ✘  226 [chromium] › e2e/editor-stage.test.ts:322:7 › T069 1280px Minimal Dark retains the mockup chrome hierarchy (0ms)
(node:7304) Warning: The 'NO_COLOR' env is ignored due to the 'FORCE_COLOR' env being set.
(Use `node --trace-warnings ...` to show where the warning was created)
  ✘  227 [chromium] › e2e/editor-stage.test.ts:322:7 › T069 768px Liquid Glass Auto (system) retains the mockup chrome hierarchy (1ms)
(node:7308) Warning: The 'NO_COLOR' env is ignored due to the 'FORCE_COLOR' env being set.
(Use `node --trace-warnings ...` to show where the warning was created)
  ✘  228 [chromium] › e2e/editor-stage.test.ts:322:7 › T069 768px Liquid Glass Light retains the mockup chrome hierarchy (0ms)
(node:7309) Warning: The 'NO_COLOR' env is ignored due to the 'FORCE_COLOR' env being set.
(Use `node --trace-warnings ...` to show where the warning was created)
  ✘  229 [chromium] › e2e/editor-stage.test.ts:322:7 › T069 768px Liquid Glass Dark retains the mockup chrome hierarchy (1ms)
(node:7321) Warning: The 'NO_COLOR' env is ignored due to the 'FORCE_COLOR' env being set.
(Use `node --trace-warnings ...` to show where the warning was created)
  ✘  230 [chromium] › e2e/editor-stage.test.ts:322:7 › T069 768px Material Auto (system) retains the mockup chrome hierarchy (1ms)
(node:7325) Warning: The 'NO_COLOR' env is ignored due to the 'FORCE_COLOR' env being set.
(Use `node --trace-warnings ...` to show where the warning was created)
  ✘  231 [chromium] › e2e/editor-stage.test.ts:322:7 › T069 768px Material Light retains the mockup chrome hierarchy (1ms)
(node:7326) Warning: The 'NO_COLOR' env is ignored due to the 'FORCE_COLOR' env being set.
(Use `node --trace-warnings ...` to show where the warning was created)
  ✘  232 [chromium] › e2e/editor-stage.test.ts:322:7 › T069 768px Material Dark retains the mockup chrome hierarchy (1ms)
(node:7336) Warning: The 'NO_COLOR' env is ignored due to the 'FORCE_COLOR' env being set.
(Use `node --trace-warnings ...` to show where the warning was created)
  ✘  233 [chromium] › e2e/editor-stage.test.ts:322:7 › T069 768px Minimal Auto (system) retains the mockup chrome hierarchy (0ms)
(node:7337) Warning: The 'NO_COLOR' env is ignored due to the 'FORCE_COLOR' env being set.
(Use `node --trace-warnings ...` to show where the warning was created)
  ✘  234 [chromium] › e2e/editor-stage.test.ts:322:7 › T069 768px Minimal Light retains the mockup chrome hierarchy (1ms)
(node:7338) Warning: The 'NO_COLOR' env is ignored due to the 'FORCE_COLOR' env being set.
(Use `node --trace-warnings ...` to show where the warning was created)
  ✘  235 [chromium] › e2e/editor-stage.test.ts:322:7 › T069 768px Minimal Dark retains the mockup chrome hierarchy (1ms)
(node:7339) Warning: The 'NO_COLOR' env is ignored due to the 'FORCE_COLOR' env being set.
(Use `node --trace-warnings ...` to show where the warning was created)
  ✘  236 [chromium] › e2e/editor-stage.test.ts:322:7 › T069 375px Liquid Glass Auto (system) retains the mockup chrome hierarchy (0ms)
(node:7340) Warning: The 'NO_COLOR' env is ignored due to the 'FORCE_COLOR' env being set.
(Use `node --trace-warnings ...` to show where the warning was created)
  ✘  237 [chromium] › e2e/editor-stage.test.ts:322:7 › T069 375px Liquid Glass Light retains the mockup chrome hierarchy (0ms)
(node:7341) Warning: The 'NO_COLOR' env is ignored due to the 'FORCE_COLOR' env being set.
(Use `node --trace-warnings ...` to show where the warning was created)
  ✘  238 [chromium] › e2e/editor-stage.test.ts:322:7 › T069 375px Liquid Glass Dark retains the mockup chrome hierarchy (0ms)
(node:7342) Warning: The 'NO_COLOR' env is ignored due to the 'FORCE_COLOR' env being set.
(Use `node --trace-warnings ...` to show where the warning was created)
  ✘  239 [chromium] › e2e/editor-stage.test.ts:322:7 › T069 375px Material Auto (system) retains the mockup chrome hierarchy (0ms)
(node:7352) Warning: The 'NO_COLOR' env is ignored due to the 'FORCE_COLOR' env being set.
(Use `node --trace-warnings ...` to show where the warning was created)
  ✘  240 [chromium] › e2e/editor-stage.test.ts:322:7 › T069 375px Material Light retains the mockup chrome hierarchy (1ms)
(node:7353) Warning: The 'NO_COLOR' env is ignored due to the 'FORCE_COLOR' env being set.
(Use `node --trace-warnings ...` to show where the warning was created)
  ✘  241 [chromium] › e2e/editor-stage.test.ts:322:7 › T069 375px Material Dark retains the mockup chrome hierarchy (1ms)
(node:7354) Warning: The 'NO_COLOR' env is ignored due to the 'FORCE_COLOR' env being set.
(Use `node --trace-warnings ...` to show where the warning was created)
  ✘  242 [chromium] › e2e/editor-stage.test.ts:322:7 › T069 375px Minimal Auto (system) retains the mockup chrome hierarchy (0ms)
(node:7356) Warning: The 'NO_COLOR' env is ignored due to the 'FORCE_COLOR' env being set.
(Use `node --trace-warnings ...` to show where the warning was created)
  ✘  243 [chromium] › e2e/editor-stage.test.ts:322:7 › T069 375px Minimal Light retains the mockup chrome hierarchy (1ms)
(node:7360) Warning: The 'NO_COLOR' env is ignored due to the 'FORCE_COLOR' env being set.
(Use `node --trace-warnings ...` to show where the warning was created)
  ✘  244 [chromium] › e2e/editor-stage.test.ts:322:7 › T069 375px Minimal Dark retains the mockup chrome hierarchy (1ms)
(node:7362) Warning: The 'NO_COLOR' env is ignored due to the 'FORCE_COLOR' env being set.
(Use `node --trace-warnings ...` to show where the warning was created)
  ✘  245 [chromium] › e2e/editor-stage.test.ts:457:7 › T055 1280px Liquid Glass Auto (system) exercises reachable Editor-stage journeys (1ms)
(node:7364) Warning: The 'NO_COLOR' env is ignored due to the 'FORCE_COLOR' env being set.
(Use `node --trace-warnings ...` to show where the warning was created)
  ✘  246 [chromium] › e2e/editor-stage.test.ts:457:7 › T055 1280px Liquid Glass Light exercises reachable Editor-stage journeys (0ms)
(node:7375) Warning: The 'NO_COLOR' env is ignored due to the 'FORCE_COLOR' env being set.
(Use `node --trace-warnings ...` to show where the warning was created)
  ✘  247 [chromium] › e2e/editor-stage.test.ts:457:7 › T055 1280px Liquid Glass Dark exercises reachable Editor-stage journeys (1ms)
(node:7377) Warning: The 'NO_COLOR' env is ignored due to the 'FORCE_COLOR' env being set.
(Use `node --trace-warnings ...` to show where the warning was created)
  ✘  248 [chromium] › e2e/editor-stage.test.ts:457:7 › T055 1280px Material Auto (system) exercises reachable Editor-stage journeys (0ms)
(node:7381) Warning: The 'NO_COLOR' env is ignored due to the 'FORCE_COLOR' env being set.
(Use `node --trace-warnings ...` to show where the warning was created)
  ✘  249 [chromium] › e2e/editor-stage.test.ts:457:7 › T055 1280px Material Light exercises reachable Editor-stage journeys (1ms)
(node:7382) Warning: The 'NO_COLOR' env is ignored due to the 'FORCE_COLOR' env being set.
(Use `node --trace-warnings ...` to show where the warning was created)
  ✘  250 [chromium] › e2e/editor-stage.test.ts:457:7 › T055 1280px Material Dark exercises reachable Editor-stage journeys (1ms)
(node:7383) Warning: The 'NO_COLOR' env is ignored due to the 'FORCE_COLOR' env being set.
(Use `node --trace-warnings ...` to show where the warning was created)
  ✘  251 [chromium] › e2e/editor-stage.test.ts:457:7 › T055 1280px Minimal Auto (system) exercises reachable Editor-stage journeys (0ms)
(node:7384) Warning: The 'NO_COLOR' env is ignored due to the 'FORCE_COLOR' env being set.
(Use `node --trace-warnings ...` to show where the warning was created)
  ✘  252 [chromium] › e2e/editor-stage.test.ts:457:7 › T055 1280px Minimal Light exercises reachable Editor-stage journeys (0ms)
(node:7385) Warning: The 'NO_COLOR' env is ignored due to the 'FORCE_COLOR' env being set.
(Use `node --trace-warnings ...` to show where the warning was created)
  ✘  253 [chromium] › e2e/editor-stage.test.ts:457:7 › T055 1280px Minimal Dark exercises reachable Editor-stage journeys (1ms)
(node:7386) Warning: The 'NO_COLOR' env is ignored due to the 'FORCE_COLOR' env being set.
(Use `node --trace-warnings ...` to show where the warning was created)
  ✘  254 [chromium] › e2e/editor-stage.test.ts:457:7 › T055 768px Liquid Glass Auto (system) exercises reachable Editor-stage journeys (1ms)
(node:7396) Warning: The 'NO_COLOR' env is ignored due to the 'FORCE_COLOR' env being set.
(Use `node --trace-warnings ...` to show where the warning was created)
  ✘  255 [chromium] › e2e/editor-stage.test.ts:457:7 › T055 768px Liquid Glass Light exercises reachable Editor-stage journeys (0ms)
(node:7398) Warning: The 'NO_COLOR' env is ignored due to the 'FORCE_COLOR' env being set.
(Use `node --trace-warnings ...` to show where the warning was created)
  ✘  256 [chromium] › e2e/editor-stage.test.ts:457:7 › T055 768px Liquid Glass Dark exercises reachable Editor-stage journeys (0ms)
(node:7399) Warning: The 'NO_COLOR' env is ignored due to the 'FORCE_COLOR' env being set.
(Use `node --trace-warnings ...` to show where the warning was created)
  ✘  257 [chromium] › e2e/editor-stage.test.ts:457:7 › T055 768px Material Auto (system) exercises reachable Editor-stage journeys (1ms)
(node:7400) Warning: The 'NO_COLOR' env is ignored due to the 'FORCE_COLOR' env being set.
(Use `node --trace-warnings ...` to show where the warning was created)
  ✘  258 [chromium] › e2e/editor-stage.test.ts:457:7 › T055 768px Material Light exercises reachable Editor-stage journeys (1ms)
(node:7401) Warning: The 'NO_COLOR' env is ignored due to the 'FORCE_COLOR' env being set.
(Use `node --trace-warnings ...` to show where the warning was created)
  ✘  259 [chromium] › e2e/editor-stage.test.ts:457:7 › T055 768px Material Dark exercises reachable Editor-stage journeys (0ms)
(node:7402) Warning: The 'NO_COLOR' env is ignored due to the 'FORCE_COLOR' env being set.
(Use `node --trace-warnings ...` to show where the warning was created)
  ✘  260 [chromium] › e2e/editor-stage.test.ts:457:7 › T055 768px Minimal Auto (system) exercises reachable Editor-stage journeys (0ms)
(node:7403) Warning: The 'NO_COLOR' env is ignored due to the 'FORCE_COLOR' env being set.
(Use `node --trace-warnings ...` to show where the warning was created)
  ✘  261 [chromium] › e2e/editor-stage.test.ts:457:7 › T055 768px Minimal Light exercises reachable Editor-stage journeys (0ms)
(node:7413) Warning: The 'NO_COLOR' env is ignored due to the 'FORCE_COLOR' env being set.
(Use `node --trace-warnings ...` to show where the warning was created)
  ✘  262 [chromium] › e2e/editor-stage.test.ts:457:7 › T055 768px Minimal Dark exercises reachable Editor-stage journeys (1ms)
(node:7414) Warning: The 'NO_COLOR' env is ignored due to the 'FORCE_COLOR' env being set.
(Use `node --trace-warnings ...` to show where the warning was created)
  ✘  263 [chromium] › e2e/editor-stage.test.ts:457:7 › T055 375px Liquid Glass Auto (system) exercises reachable Editor-stage journeys (0ms)
(node:7415) Warning: The 'NO_COLOR' env is ignored due to the 'FORCE_COLOR' env being set.
(Use `node --trace-warnings ...` to show where the warning was created)
  ✘  264 [chromium] › e2e/editor-stage.test.ts:457:7 › T055 375px Liquid Glass Light exercises reachable Editor-stage journeys (0ms)
(node:7416) Warning: The 'NO_COLOR' env is ignored due to the 'FORCE_COLOR' env being set.
(Use `node --trace-warnings ...` to show where the warning was created)
  ✘  265 [chromium] › e2e/editor-stage.test.ts:457:7 › T055 375px Liquid Glass Dark exercises reachable Editor-stage journeys (0ms)
(node:7417) Warning: The 'NO_COLOR' env is ignored due to the 'FORCE_COLOR' env being set.
(Use `node --trace-warnings ...` to show where the warning was created)
  ✘  266 [chromium] › e2e/editor-stage.test.ts:457:7 › T055 375px Material Auto (system) exercises reachable Editor-stage journeys (0ms)
(node:7418) Warning: The 'NO_COLOR' env is ignored due to the 'FORCE_COLOR' env being set.
(Use `node --trace-warnings ...` to show where the warning was created)
  ✘  267 [chromium] › e2e/editor-stage.test.ts:457:7 › T055 375px Material Light exercises reachable Editor-stage journeys (0ms)
(node:7420) Warning: The 'NO_COLOR' env is ignored due to the 'FORCE_COLOR' env being set.
(Use `node --trace-warnings ...` to show where the warning was created)
  ✘  268 [chromium] › e2e/editor-stage.test.ts:457:7 › T055 375px Material Dark exercises reachable Editor-stage journeys (0ms)
(node:7430) Warning: The 'NO_COLOR' env is ignored due to the 'FORCE_COLOR' env being set.
(Use `node --trace-warnings ...` to show where the warning was created)
  ✘  269 [chromium] › e2e/editor-stage.test.ts:457:7 › T055 375px Minimal Auto (system) exercises reachable Editor-stage journeys (0ms)
(node:7431) Warning: The 'NO_COLOR' env is ignored due to the 'FORCE_COLOR' env being set.
(Use `node --trace-warnings ...` to show where the warning was created)
  ✘  270 [chromium] › e2e/editor-stage.test.ts:457:7 › T055 375px Minimal Light exercises reachable Editor-stage journeys (0ms)
(node:7433) Warning: The 'NO_COLOR' env is ignored due to the 'FORCE_COLOR' env being set.
(Use `node --trace-warnings ...` to show where the warning was created)
  ✘  271 [chromium] › e2e/editor-stage.test.ts:457:7 › T055 375px Minimal Dark exercises reachable Editor-stage journeys (0ms)
[parity states] no state coverage recorded this run — the additional-state gate did not run
[parity accounting] no parity captures recorded this run — the accounting gate did not run, leaving the existing report untouched


  1) [chromium] › e2e/appearance.test.ts:40:1 › changes all six palettes through keyboard reachable appearance controls without overflow 

    Error: browserType.launch: Executable doesn't exist at /Users/ok/Library/Caches/ms-playwright/chromium_headless_shell-1228/chrome-headless-shell-mac-arm64/chrome-headless-shell
    ╔════════════════════════════════════════════════════════════╗
    ║ Looks like Playwright was just installed or updated.       ║
    ║ Please run the following command to download new browsers: ║
    ║                                                            ║
    ║     npx playwright install                                 ║
    ║                                                            ║
    ║ <3 Playwright Team                                         ║
    ╚════════════════════════════════════════════════════════════╝

    Error Context: test-results/e2e-appearance-changes-all-3e1d6-e-controls-without-overflow-chromium/error-context.md

  2) [chromium] › e2e/appearance.test.ts:87:1 › uses the pre-paint mirror before canonical reconciliation and keeps the controls visibly focused with bundled typography 

    Error: browserType.launch: Executable doesn't exist at /Users/ok/Library/Caches/ms-playwright/chromium_headless_shell-1228/chrome-headless-shell-mac-arm64/chrome-headless-shell
    ╔════════════════════════════════════════════════════════════╗
    ║ Looks like Playwright was just installed or updated.       ║
    ║ Please run the following command to download new browsers: ║
    ║                                                            ║
    ║     npx playwright install                                 ║
    ║                                                            ║
    ║ <3 Playwright Team                                         ║
    ╚════════════════════════════════════════════════════════════╝

    Error Context: test-results/e2e-appearance-uses-the-pr-4a35b-sed-with-bundled-typography-chromium/error-context.md

  3) [chromium] › e2e/appearance.test.ts:173:1 › retains the acknowledged palette when the bridge rejects an appearance write 

    Error: browserType.launch: Executable doesn't exist at /Users/ok/Library/Caches/ms-playwright/chromium_headless_shell-1228/chrome-headless-shell-mac-arm64/chrome-headless-shell
    ╔════════════════════════════════════════════════════════════╗
    ║ Looks like Playwright was just installed or updated.       ║
    ║ Please run the following command to download new browsers: ║
    ║                                                            ║
    ║     npx playwright install                                 ║
    ║                                                            ║
    ║ <3 Playwright Team                                         ║
    ╚════════════════════════════════════════════════════════════╝

    Error Context: test-results/e2e-appearance-retains-the-8622b-rejects-an-appearance-write-chromium/error-context.md

  4) [chromium] › e2e/core-editor.test.ts:206:1 › STORY-018-AC-1 verifies responsive editor dimensions 

    Error: browserType.launch: Executable doesn't exist at /Users/ok/Library/Caches/ms-playwright/chromium_headless_shell-1228/chrome-headless-shell-mac-arm64/chrome-headless-shell
    ╔════════════════════════════════════════════════════════════╗
    ║ Looks like Playwright was just installed or updated.       ║
    ║ Please run the following command to download new browsers: ║
    ║                                                            ║
    ║     npx playwright install                                 ║
    ║                                                            ║
    ║ <3 Playwright Team                                         ║
    ╚════════════════════════════════════════════════════════════╝

    Error Context: test-results/e2e-core-editor-STORY-018--af909-esponsive-editor-dimensions-chromium/error-context.md

  5) [chromium] › e2e/core-editor.test.ts:238:1 › STORY-022-AC-5 round trips an edit through Preview responsively 

    Error: browserType.launch: Executable doesn't exist at /Users/ok/Library/Caches/ms-playwright/chromium_headless_shell-1228/chrome-headless-shell-mac-arm64/chrome-headless-shell
    ╔════════════════════════════════════════════════════════════╗
    ║ Looks like Playwright was just installed or updated.       ║
    ║ Please run the following command to download new browsers: ║
    ║                                                            ║
    ║     npx playwright install                                 ║
    ║                                                            ║
    ║ <3 Playwright Team                                         ║
    ╚════════════════════════════════════════════════════════════╝

    Error Context: test-results/e2e-core-editor-STORY-022--3b328-hrough-Preview-responsively-chromium/error-context.md

  6) [chromium] › e2e/core-editor.test.ts:305:1 › STORY-022-AC-4 (EC-DOCS-12) keeps a focused Monaco source, caret, and selection across a metadata patch 

    Error: browserType.launch: Executable doesn't exist at /Users/ok/Library/Caches/ms-playwright/chromium_headless_shell-1228/chrome-headless-shell-mac-arm64/chrome-headless-shell
    ╔════════════════════════════════════════════════════════════╗
    ║ Looks like Playwright was just installed or updated.       ║
    ║ Please run the following command to download new browsers: ║
    ║                                                            ║
    ║     npx playwright install                                 ║
    ║                                                            ║
    ║ <3 Playwright Team                                         ║
    ╚════════════════════════════════════════════════════════════╝

    Error Context: test-results/e2e-core-editor-STORY-022--4897e-ion-across-a-metadata-patch-chromium/error-context.md

  7) [chromium] › e2e/core-editor.test.ts:441:1 › STORY-018-AC-2 verifies the live editor preview flow 

    Error: browserType.launch: Executable doesn't exist at /Users/ok/Library/Caches/ms-playwright/chromium_headless_shell-1228/chrome-headless-shell-mac-arm64/chrome-headless-shell
    ╔════════════════════════════════════════════════════════════╗
    ║ Looks like Playwright was just installed or updated.       ║
    ║ Please run the following command to download new browsers: ║
    ║                                                            ║
    ║     npx playwright install                                 ║
    ║                                                            ║
    ║ <3 Playwright Team                                         ║
    ╚════════════════════════════════════════════════════════════╝

    Error Context: test-results/e2e-core-editor-STORY-018--3dd00-he-live-editor-preview-flow-chromium/error-context.md

  8) [chromium] › e2e/core-editor.test.ts:542:1 › STORY-018-AC-3 matches the approved split-view reference 

    Error: browserType.launch: Executable doesn't exist at /Users/ok/Library/Caches/ms-playwright/chromium_headless_shell-1228/chrome-headless-shell-mac-arm64/chrome-headless-shell
    ╔════════════════════════════════════════════════════════════╗
    ║ Looks like Playwright was just installed or updated.       ║
    ║ Please run the following command to download new browsers: ║
    ║                                                            ║
    ║     npx playwright install                                 ║
    ║                                                            ║
    ║ <3 Playwright Team                                         ║
    ╚════════════════════════════════════════════════════════════╝

    Error Context: test-results/e2e-core-editor-STORY-018--b3223-proved-split-view-reference-chromium/error-context.md

  9) [chromium] › e2e/core-editor.test.ts:651:1 › STORY-032-AC-3 presents deterministic 1280x720 candidate for owner approval 

    Error: browserType.launch: Executable doesn't exist at /Users/ok/Library/Caches/ms-playwright/chromium_headless_shell-1228/chrome-headless-shell-mac-arm64/chrome-headless-shell
    ╔════════════════════════════════════════════════════════════╗
    ║ Looks like Playwright was just installed or updated.       ║
    ║ Please run the following command to download new browsers: ║
    ║                                                            ║
    ║     npx playwright install                                 ║
    ║                                                            ║
    ║ <3 Playwright Team                                         ║
    ╚════════════════════════════════════════════════════════════╝

    Error Context: test-results/e2e-core-editor-STORY-032--98bc0-andidate-for-owner-approval-chromium/error-context.md

  10) [chromium] › e2e/core-editor.test.ts:677:1 › STORY-018-AC-4 verifies view-mode and View-menu interaction 

    Error: browserType.launch: Executable doesn't exist at /Users/ok/Library/Caches/ms-playwright/chromium_headless_shell-1228/chrome-headless-shell-mac-arm64/chrome-headless-shell
    ╔════════════════════════════════════════════════════════════╗
    ║ Looks like Playwright was just installed or updated.       ║
    ║ Please run the following command to download new browsers: ║
    ║                                                            ║
    ║     npx playwright install                                 ║
    ║                                                            ║
    ║ <3 Playwright Team                                         ║
    ╚════════════════════════════════════════════════════════════╝

    Error Context: test-results/e2e-core-editor-STORY-018--70b54-e-and-View-menu-interaction-chromium/error-context.md

  11) [chromium] › e2e/editor-stage.test.ts:18:7 › T019 1280px Liquid Glass Auto (system) keeps the Editor stage reachable 

    Error: browserType.launch: Executable doesn't exist at /Users/ok/Library/Caches/ms-playwright/chromium_headless_shell-1228/chrome-headless-shell-mac-arm64/chrome-headless-shell
    ╔════════════════════════════════════════════════════════════╗
    ║ Looks like Playwright was just installed or updated.       ║
    ║ Please run the following command to download new browsers: ║
    ║                                                            ║
    ║     npx playwright install                                 ║
    ║                                                            ║
    ║ <3 Playwright Team                                         ║
    ╚════════════════════════════════════════════════════════════╝

    Error Context: test-results/e2e-editor-stage-T019-1280-cb32e--the-Editor-stage-reachable-chromium/error-context.md

  12) [chromium] › e2e/editor-stage.test.ts:18:7 › T019 1280px Liquid Glass Light keeps the Editor stage reachable 

    Error: browserType.launch: Executable doesn't exist at /Users/ok/Library/Caches/ms-playwright/chromium_headless_shell-1228/chrome-headless-shell-mac-arm64/chrome-headless-shell
    ╔════════════════════════════════════════════════════════════╗
    ║ Looks like Playwright was just installed or updated.       ║
    ║ Please run the following command to download new browsers: ║
    ║                                                            ║
    ║     npx playwright install                                 ║
    ║                                                            ║
    ║ <3 Playwright Team                                         ║
    ╚════════════════════════════════════════════════════════════╝

    Error Context: test-results/e2e-editor-stage-T019-1280-1b6b1--the-Editor-stage-reachable-chromium/error-context.md

  13) [chromium] › e2e/editor-stage.test.ts:18:7 › T019 1280px Liquid Glass Dark keeps the Editor stage reachable 

    Error: browserType.launch: Executable doesn't exist at /Users/ok/Library/Caches/ms-playwright/chromium_headless_shell-1228/chrome-headless-shell-mac-arm64/chrome-headless-shell
    ╔════════════════════════════════════════════════════════════╗
    ║ Looks like Playwright was just installed or updated.       ║
    ║ Please run the following command to download new browsers: ║
    ║                                                            ║
    ║     npx playwright install                                 ║
    ║                                                            ║
    ║ <3 Playwright Team                                         ║
    ╚════════════════════════════════════════════════════════════╝

    Error Context: test-results/e2e-editor-stage-T019-1280-0119d--the-Editor-stage-reachable-chromium/error-context.md

  14) [chromium] › e2e/editor-stage.test.ts:18:7 › T019 1280px Material Auto (system) keeps the Editor stage reachable 

    Error: browserType.launch: Executable doesn't exist at /Users/ok/Library/Caches/ms-playwright/chromium_headless_shell-1228/chrome-headless-shell-mac-arm64/chrome-headless-shell
    ╔════════════════════════════════════════════════════════════╗
    ║ Looks like Playwright was just installed or updated.       ║
    ║ Please run the following command to download new browsers: ║
    ║                                                            ║
    ║     npx playwright install                                 ║
    ║                                                            ║
    ║ <3 Playwright Team                                         ║
    ╚════════════════════════════════════════════════════════════╝

    Error Context: test-results/e2e-editor-stage-T019-1280-33ee6--the-Editor-stage-reachable-chromium/error-context.md

  15) [chromium] › e2e/editor-stage.test.ts:18:7 › T019 1280px Material Light keeps the Editor stage reachable 

    Error: browserType.launch: Executable doesn't exist at /Users/ok/Library/Caches/ms-playwright/chromium_headless_shell-1228/chrome-headless-shell-mac-arm64/chrome-headless-shell
    ╔════════════════════════════════════════════════════════════╗
    ║ Looks like Playwright was just installed or updated.       ║
    ║ Please run the following command to download new browsers: ║
    ║                                                            ║
    ║     npx playwright install                                 ║
    ║                                                            ║
    ║ <3 Playwright Team                                         ║
    ╚════════════════════════════════════════════════════════════╝

    Error Context: test-results/e2e-editor-stage-T019-1280-15663--the-Editor-stage-reachable-chromium/error-context.md

  16) [chromium] › e2e/editor-stage.test.ts:18:7 › T019 1280px Material Dark keeps the Editor stage reachable 

    Error: browserType.launch: Executable doesn't exist at /Users/ok/Library/Caches/ms-playwright/chromium_headless_shell-1228/chrome-headless-shell-mac-arm64/chrome-headless-shell
    ╔════════════════════════════════════════════════════════════╗
    ║ Looks like Playwright was just installed or updated.       ║
    ║ Please run the following command to download new browsers: ║
    ║                                                            ║
    ║     npx playwright install                                 ║
    ║                                                            ║
    ║ <3 Playwright Team                                         ║
    ╚════════════════════════════════════════════════════════════╝

    Error Context: test-results/e2e-editor-stage-T019-1280-37729--the-Editor-stage-reachable-chromium/error-context.md

  17) [chromium] › e2e/editor-stage.test.ts:18:7 › T019 1280px Minimal Auto (system) keeps the Editor stage reachable 

    Error: browserType.launch: Executable doesn't exist at /Users/ok/Library/Caches/ms-playwright/chromium_headless_shell-1228/chrome-headless-shell-mac-arm64/chrome-headless-shell
    ╔════════════════════════════════════════════════════════════╗
    ║ Looks like Playwright was just installed or updated.       ║
    ║ Please run the following command to download new browsers: ║
    ║                                                            ║
    ║     npx playwright install                                 ║
    ║                                                            ║
    ║ <3 Playwright Team                                         ║
    ╚════════════════════════════════════════════════════════════╝

    Error Context: test-results/e2e-editor-stage-T019-1280-dceeb--the-Editor-stage-reachable-chromium/error-context.md

  18) [chromium] › e2e/editor-stage.test.ts:18:7 › T019 1280px Minimal Light keeps the Editor stage reachable 

    Error: browserType.launch: Executable doesn't exist at /Users/ok/Library/Caches/ms-playwright/chromium_headless_shell-1228/chrome-headless-shell-mac-arm64/chrome-headless-shell
    ╔════════════════════════════════════════════════════════════╗
    ║ Looks like Playwright was just installed or updated.       ║
    ║ Please run the following command to download new browsers: ║
    ║                                                            ║
    ║     npx playwright install                                 ║
    ║                                                            ║
    ║ <3 Playwright Team                                         ║
    ╚════════════════════════════════════════════════════════════╝

    Error Context: test-results/e2e-editor-stage-T019-1280-2de20--the-Editor-stage-reachable-chromium/error-context.md

  19) [chromium] › e2e/editor-stage.test.ts:18:7 › T019 1280px Minimal Dark keeps the Editor stage reachable 

    Error: browserType.launch: Executable doesn't exist at /Users/ok/Library/Caches/ms-playwright/chromium_headless_shell-1228/chrome-headless-shell-mac-arm64/chrome-headless-shell
    ╔════════════════════════════════════════════════════════════╗
    ║ Looks like Playwright was just installed or updated.       ║
    ║ Please run the following command to download new browsers: ║
    ║                                                            ║
    ║     npx playwright install                                 ║
    ║                                                            ║
    ║ <3 Playwright Team                                         ║
    ╚════════════════════════════════════════════════════════════╝

    Error Context: test-results/e2e-editor-stage-T019-1280-9301f--the-Editor-stage-reachable-chromium/error-context.md

  20) [chromium] › e2e/editor-stage.test.ts:18:7 › T019 768px Liquid Glass Auto (system) keeps the Editor stage reachable 

    Error: browserType.launch: Executable doesn't exist at /Users/ok/Library/Caches/ms-playwright/chromium_headless_shell-1228/chrome-headless-shell-mac-arm64/chrome-headless-shell
    ╔════════════════════════════════════════════════════════════╗
    ║ Looks like Playwright was just installed or updated.       ║
    ║ Please run the following command to download new browsers: ║
    ║                                                            ║
    ║     npx playwright install                                 ║
    ║                                                            ║
    ║ <3 Playwright Team                                         ║
    ╚════════════════════════════════════════════════════════════╝

    Error Context: test-results/e2e-editor-stage-T019-768p-826cb--the-Editor-stage-reachable-chromium/error-context.md

  21) [chromium] › e2e/editor-stage.test.ts:18:7 › T019 768px Liquid Glass Light keeps the Editor stage reachable 

    Error: browserType.launch: Executable doesn't exist at /Users/ok/Library/Caches/ms-playwright/chromium_headless_shell-1228/chrome-headless-shell-mac-arm64/chrome-headless-shell
    ╔════════════════════════════════════════════════════════════╗
    ║ Looks like Playwright was just installed or updated.       ║
    ║ Please run the following command to download new browsers: ║
    ║                                                            ║
    ║     npx playwright install                                 ║
    ║                                                            ║
    ║ <3 Playwright Team                                         ║
    ╚════════════════════════════════════════════════════════════╝

    Error Context: test-results/e2e-editor-stage-T019-768p-776a4--the-Editor-stage-reachable-chromium/error-context.md

  22) [chromium] › e2e/editor-stage.test.ts:18:7 › T019 768px Liquid Glass Dark keeps the Editor stage reachable 

    Error: browserType.launch: Executable doesn't exist at /Users/ok/Library/Caches/ms-playwright/chromium_headless_shell-1228/chrome-headless-shell-mac-arm64/chrome-headless-shell
    ╔════════════════════════════════════════════════════════════╗
    ║ Looks like Playwright was just installed or updated.       ║
    ║ Please run the following command to download new browsers: ║
    ║                                                            ║
    ║     npx playwright install                                 ║
    ║                                                            ║
    ║ <3 Playwright Team                                         ║
    ╚════════════════════════════════════════════════════════════╝

    Error Context: test-results/e2e-editor-stage-T019-768p-88466--the-Editor-stage-reachable-chromium/error-context.md

  23) [chromium] › e2e/editor-stage.test.ts:18:7 › T019 768px Material Auto (system) keeps the Editor stage reachable 

    Error: browserType.launch: Executable doesn't exist at /Users/ok/Library/Caches/ms-playwright/chromium_headless_shell-1228/chrome-headless-shell-mac-arm64/chrome-headless-shell
    ╔════════════════════════════════════════════════════════════╗
    ║ Looks like Playwright was just installed or updated.       ║
    ║ Please run the following command to download new browsers: ║
    ║                                                            ║
    ║     npx playwright install                                 ║
    ║                                                            ║
    ║ <3 Playwright Team                                         ║
    ╚════════════════════════════════════════════════════════════╝

    Error Context: test-results/e2e-editor-stage-T019-768p-d1df3--the-Editor-stage-reachable-chromium/error-context.md

  24) [chromium] › e2e/editor-stage.test.ts:18:7 › T019 768px Material Light keeps the Editor stage reachable 

    Error: browserType.launch: Executable doesn't exist at /Users/ok/Library/Caches/ms-playwright/chromium_headless_shell-1228/chrome-headless-shell-mac-arm64/chrome-headless-shell
    ╔════════════════════════════════════════════════════════════╗
    ║ Looks like Playwright was just installed or updated.       ║
    ║ Please run the following command to download new browsers: ║
    ║                                                            ║
    ║     npx playwright install                                 ║
    ║                                                            ║
    ║ <3 Playwright Team                                         ║
    ╚════════════════════════════════════════════════════════════╝

    Error Context: test-results/e2e-editor-stage-T019-768p-37276--the-Editor-stage-reachable-chromium/error-context.md

  25) [chromium] › e2e/editor-stage.test.ts:18:7 › T019 768px Material Dark keeps the Editor stage reachable 

    Error: browserType.launch: Executable doesn't exist at /Users/ok/Library/Caches/ms-playwright/chromium_headless_shell-1228/chrome-headless-shell-mac-arm64/chrome-headless-shell
    ╔════════════════════════════════════════════════════════════╗
    ║ Looks like Playwright was just installed or updated.       ║
    ║ Please run the following command to download new browsers: ║
    ║                                                            ║
    ║     npx playwright install                                 ║
    ║                                                            ║
    ║ <3 Playwright Team                                         ║
    ╚════════════════════════════════════════════════════════════╝

    Error Context: test-results/e2e-editor-stage-T019-768p-1a538--the-Editor-stage-reachable-chromium/error-context.md

  26) [chromium] › e2e/editor-stage.test.ts:18:7 › T019 768px Minimal Auto (system) keeps the Editor stage reachable 

    Error: browserType.launch: Executable doesn't exist at /Users/ok/Library/Caches/ms-playwright/chromium_headless_shell-1228/chrome-headless-shell-mac-arm64/chrome-headless-shell
    ╔════════════════════════════════════════════════════════════╗
    ║ Looks like Playwright was just installed or updated.       ║
    ║ Please run the following command to download new browsers: ║
    ║                                                            ║
    ║     npx playwright install                                 ║
    ║                                                            ║
    ║ <3 Playwright Team                                         ║
    ╚════════════════════════════════════════════════════════════╝

    Error Context: test-results/e2e-editor-stage-T019-768p-161a9--the-Editor-stage-reachable-chromium/error-context.md

  27) [chromium] › e2e/editor-stage.test.ts:18:7 › T019 768px Minimal Light keeps the Editor stage reachable 

    Error: browserType.launch: Executable doesn't exist at /Users/ok/Library/Caches/ms-playwright/chromium_headless_shell-1228/chrome-headless-shell-mac-arm64/chrome-headless-shell
    ╔════════════════════════════════════════════════════════════╗
    ║ Looks like Playwright was just installed or updated.       ║
    ║ Please run the following command to download new browsers: ║
    ║                                                            ║
    ║     npx playwright install                                 ║
    ║                                                            ║
    ║ <3 Playwright Team                                         ║
    ╚════════════════════════════════════════════════════════════╝

    Error Context: test-results/e2e-editor-stage-T019-768p-31fc5--the-Editor-stage-reachable-chromium/error-context.md

  28) [chromium] › e2e/editor-stage.test.ts:18:7 › T019 768px Minimal Dark keeps the Editor stage reachable 

    Error: browserType.launch: Executable doesn't exist at /Users/ok/Library/Caches/ms-playwright/chromium_headless_shell-1228/chrome-headless-shell-mac-arm64/chrome-headless-shell
    ╔════════════════════════════════════════════════════════════╗
    ║ Looks like Playwright was just installed or updated.       ║
    ║ Please run the following command to download new browsers: ║
    ║                                                            ║
    ║     npx playwright install                                 ║
    ║                                                            ║
    ║ <3 Playwright Team                                         ║
    ╚════════════════════════════════════════════════════════════╝

    Error Context: test-results/e2e-editor-stage-T019-768p-8a64a--the-Editor-stage-reachable-chromium/error-context.md

  29) [chromium] › e2e/editor-stage.test.ts:18:7 › T019 375px Liquid Glass Auto (system) keeps the Editor stage reachable 

    Error: browserType.launch: Executable doesn't exist at /Users/ok/Library/Caches/ms-playwright/chromium_headless_shell-1228/chrome-headless-shell-mac-arm64/chrome-headless-shell
    ╔════════════════════════════════════════════════════════════╗
    ║ Looks like Playwright was just installed or updated.       ║
    ║ Please run the following command to download new browsers: ║
    ║                                                            ║
    ║     npx playwright install                                 ║
    ║                                                            ║
    ║ <3 Playwright Team                                         ║
    ╚════════════════════════════════════════════════════════════╝

    Error Context: test-results/e2e-editor-stage-T019-375p-f6729--the-Editor-stage-reachable-chromium/error-context.md

  30) [chromium] › e2e/editor-stage.test.ts:18:7 › T019 375px Liquid Glass Light keeps the Editor stage reachable 

    Error: browserType.launch: Executable doesn't exist at /Users/ok/Library/Caches/ms-playwright/chromium_headless_shell-1228/chrome-headless-shell-mac-arm64/chrome-headless-shell
    ╔════════════════════════════════════════════════════════════╗
    ║ Looks like Playwright was just installed or updated.       ║
    ║ Please run the following command to download new browsers: ║
    ║                                                            ║
    ║     npx playwright install                                 ║
    ║                                                            ║
    ║ <3 Playwright Team                                         ║
    ╚════════════════════════════════════════════════════════════╝

    Error Context: test-results/e2e-editor-stage-T019-375p-cf650--the-Editor-stage-reachable-chromium/error-context.md

  31) [chromium] › e2e/editor-stage.test.ts:18:7 › T019 375px Liquid Glass Dark keeps the Editor stage reachable 

    Error: browserType.launch: Executable doesn't exist at /Users/ok/Library/Caches/ms-playwright/chromium_headless_shell-1228/chrome-headless-shell-mac-arm64/chrome-headless-shell
    ╔════════════════════════════════════════════════════════════╗
    ║ Looks like Playwright was just installed or updated.       ║
    ║ Please run the following command to download new browsers: ║
    ║                                                            ║
    ║     npx playwright install                                 ║
    ║                                                            ║
    ║ <3 Playwright Team                                         ║
    ╚════════════════════════════════════════════════════════════╝

    Error Context: test-results/e2e-editor-stage-T019-375p-16825--the-Editor-stage-reachable-chromium/error-context.md

  32) [chromium] › e2e/editor-stage.test.ts:18:7 › T019 375px Material Auto (system) keeps the Editor stage reachable 

    Error: browserType.launch: Executable doesn't exist at /Users/ok/Library/Caches/ms-playwright/chromium_headless_shell-1228/chrome-headless-shell-mac-arm64/chrome-headless-shell
    ╔════════════════════════════════════════════════════════════╗
    ║ Looks like Playwright was just installed or updated.       ║
    ║ Please run the following command to download new browsers: ║
    ║                                                            ║
    ║     npx playwright install                                 ║
    ║                                                            ║
    ║ <3 Playwright Team                                         ║
    ╚════════════════════════════════════════════════════════════╝

    Error Context: test-results/e2e-editor-stage-T019-375p-26248--the-Editor-stage-reachable-chromium/error-context.md

  33) [chromium] › e2e/editor-stage.test.ts:18:7 › T019 375px Material Light keeps the Editor stage reachable 

    Error: browserType.launch: Executable doesn't exist at /Users/ok/Library/Caches/ms-playwright/chromium_headless_shell-1228/chrome-headless-shell-mac-arm64/chrome-headless-shell
    ╔════════════════════════════════════════════════════════════╗
    ║ Looks like Playwright was just installed or updated.       ║
    ║ Please run the following command to download new browsers: ║
    ║                                                            ║
    ║     npx playwright install                                 ║
    ║                                                            ║
    ║ <3 Playwright Team                                         ║
    ╚════════════════════════════════════════════════════════════╝

    Error Context: test-results/e2e-editor-stage-T019-375p-b890d--the-Editor-stage-reachable-chromium/error-context.md

  34) [chromium] › e2e/editor-stage.test.ts:18:7 › T019 375px Material Dark keeps the Editor stage reachable 

    Error: browserType.launch: Executable doesn't exist at /Users/ok/Library/Caches/ms-playwright/chromium_headless_shell-1228/chrome-headless-shell-mac-arm64/chrome-headless-shell
    ╔════════════════════════════════════════════════════════════╗
    ║ Looks like Playwright was just installed or updated.       ║
    ║ Please run the following command to download new browsers: ║
    ║                                                            ║
    ║     npx playwright install                                 ║
    ║                                                            ║
    ║ <3 Playwright Team                                         ║
    ╚════════════════════════════════════════════════════════════╝

    Error Context: test-results/e2e-editor-stage-T019-375p-0e0b1--the-Editor-stage-reachable-chromium/error-context.md

  35) [chromium] › e2e/editor-stage.test.ts:18:7 › T019 375px Minimal Auto (system) keeps the Editor stage reachable 

    Error: browserType.launch: Executable doesn't exist at /Users/ok/Library/Caches/ms-playwright/chromium_headless_shell-1228/chrome-headless-shell-mac-arm64/chrome-headless-shell
    ╔════════════════════════════════════════════════════════════╗
    ║ Looks like Playwright was just installed or updated.       ║
    ║ Please run the following command to download new browsers: ║
    ║                                                            ║
    ║     npx playwright install                                 ║
    ║                                                            ║
    ║ <3 Playwright Team                                         ║
    ╚════════════════════════════════════════════════════════════╝

    Error Context: test-results/e2e-editor-stage-T019-375p-48d6e--the-Editor-stage-reachable-chromium/error-context.md

  36) [chromium] › e2e/editor-stage.test.ts:18:7 › T019 375px Minimal Light keeps the Editor stage reachable 

    Error: browserType.launch: Executable doesn't exist at /Users/ok/Library/Caches/ms-playwright/chromium_headless_shell-1228/chrome-headless-shell-mac-arm64/chrome-headless-shell
    ╔════════════════════════════════════════════════════════════╗
    ║ Looks like Playwright was just installed or updated.       ║
    ║ Please run the following command to download new browsers: ║
    ║                                                            ║
    ║     npx playwright install                                 ║
    ║                                                            ║
    ║ <3 Playwright Team                                         ║
    ╚════════════════════════════════════════════════════════════╝

    Error Context: test-results/e2e-editor-stage-T019-375p-0cc5c--the-Editor-stage-reachable-chromium/error-context.md

  37) [chromium] › e2e/editor-stage.test.ts:18:7 › T019 375px Minimal Dark keeps the Editor stage reachable 

    Error: browserType.launch: Executable doesn't exist at /Users/ok/Library/Caches/ms-playwright/chromium_headless_shell-1228/chrome-headless-shell-mac-arm64/chrome-headless-shell
    ╔════════════════════════════════════════════════════════════╗
    ║ Looks like Playwright was just installed or updated.       ║
    ║ Please run the following command to download new browsers: ║
    ║                                                            ║
    ║     npx playwright install                                 ║
    ║                                                            ║
    ║ <3 Playwright Team                                         ║
    ╚════════════════════════════════════════════════════════════╝

    Error Context: test-results/e2e-editor-stage-T019-375p-93289--the-Editor-stage-reachable-chromium/error-context.md

  38) [chromium] › e2e/editor-stage.test.ts:141:7 › T070 1280px Liquid Glass Auto (system) keeps popup ownership and geometry safe 

    Error: browserType.launch: Executable doesn't exist at /Users/ok/Library/Caches/ms-playwright/chromium_headless_shell-1228/chrome-headless-shell-mac-arm64/chrome-headless-shell
    ╔════════════════════════════════════════════════════════════╗
    ║ Looks like Playwright was just installed or updated.       ║
    ║ Please run the following command to download new browsers: ║
    ║                                                            ║
    ║     npx playwright install                                 ║
    ║                                                            ║
    ║ <3 Playwright Team                                         ║
    ╚════════════════════════════════════════════════════════════╝

    Error Context: test-results/e2e-editor-stage-T070-1280-6d06b-ownership-and-geometry-safe-chromium/error-context.md

  39) [chromium] › e2e/editor-stage.test.ts:141:7 › T070 1280px Liquid Glass Light keeps popup ownership and geometry safe 

    Error: browserType.launch: Executable doesn't exist at /Users/ok/Library/Caches/ms-playwright/chromium_headless_shell-1228/chrome-headless-shell-mac-arm64/chrome-headless-shell
    ╔════════════════════════════════════════════════════════════╗
    ║ Looks like Playwright was just installed or updated.       ║
    ║ Please run the following command to download new browsers: ║
    ║                                                            ║
    ║     npx playwright install                                 ║
    ║                                                            ║
    ║ <3 Playwright Team                                         ║
    ╚════════════════════════════════════════════════════════════╝

    Error Context: test-results/e2e-editor-stage-T070-1280-6e458-ownership-and-geometry-safe-chromium/error-context.md

  40) [chromium] › e2e/editor-stage.test.ts:141:7 › T070 1280px Liquid Glass Dark keeps popup ownership and geometry safe 

    Error: browserType.launch: Executable doesn't exist at /Users/ok/Library/Caches/ms-playwright/chromium_headless_shell-1228/chrome-headless-shell-mac-arm64/chrome-headless-shell
    ╔════════════════════════════════════════════════════════════╗
    ║ Looks like Playwright was just installed or updated.       ║
    ║ Please run the following command to download new browsers: ║
    ║                                                            ║
    ║     npx playwright install                                 ║
    ║                                                            ║
    ║ <3 Playwright Team                                         ║
    ╚════════════════════════════════════════════════════════════╝

    Error Context: test-results/e2e-editor-stage-T070-1280-50cb1-ownership-and-geometry-safe-chromium/error-context.md

  41) [chromium] › e2e/editor-stage.test.ts:141:7 › T070 1280px Material Auto (system) keeps popup ownership and geometry safe 

    Error: browserType.launch: Executable doesn't exist at /Users/ok/Library/Caches/ms-playwright/chromium_headless_shell-1228/chrome-headless-shell-mac-arm64/chrome-headless-shell
    ╔════════════════════════════════════════════════════════════╗
    ║ Looks like Playwright was just installed or updated.       ║
    ║ Please run the following command to download new browsers: ║
    ║                                                            ║
    ║     npx playwright install                                 ║
    ║                                                            ║
    ║ <3 Playwright Team                                         ║
    ╚════════════════════════════════════════════════════════════╝

    Error Context: test-results/e2e-editor-stage-T070-1280-58a40-ownership-and-geometry-safe-chromium/error-context.md

  42) [chromium] › e2e/editor-stage.test.ts:141:7 › T070 1280px Material Light keeps popup ownership and geometry safe 

    Error: browserType.launch: Executable doesn't exist at /Users/ok/Library/Caches/ms-playwright/chromium_headless_shell-1228/chrome-headless-shell-mac-arm64/chrome-headless-shell
    ╔════════════════════════════════════════════════════════════╗
    ║ Looks like Playwright was just installed or updated.       ║
    ║ Please run the following command to download new browsers: ║
    ║                                                            ║
    ║     npx playwright install                                 ║
    ║                                                            ║
    ║ <3 Playwright Team                                         ║
    ╚════════════════════════════════════════════════════════════╝

    Error Context: test-results/e2e-editor-stage-T070-1280-a504f-ownership-and-geometry-safe-chromium/error-context.md

  43) [chromium] › e2e/editor-stage.test.ts:141:7 › T070 1280px Material Dark keeps popup ownership and geometry safe 

    Error: browserType.launch: Executable doesn't exist at /Users/ok/Library/Caches/ms-playwright/chromium_headless_shell-1228/chrome-headless-shell-mac-arm64/chrome-headless-shell
    ╔════════════════════════════════════════════════════════════╗
    ║ Looks like Playwright was just installed or updated.       ║
    ║ Please run the following command to download new browsers: ║
    ║                                                            ║
    ║     npx playwright install                                 ║
    ║                                                            ║
    ║ <3 Playwright Team                                         ║
    ╚════════════════════════════════════════════════════════════╝

    Error Context: test-results/e2e-editor-stage-T070-1280-6328d-ownership-and-geometry-safe-chromium/error-context.md

  44) [chromium] › e2e/editor-stage.test.ts:141:7 › T070 1280px Minimal Auto (system) keeps popup ownership and geometry safe 

    Error: browserType.launch: Executable doesn't exist at /Users/ok/Library/Caches/ms-playwright/chromium_headless_shell-1228/chrome-headless-shell-mac-arm64/chrome-headless-shell
    ╔════════════════════════════════════════════════════════════╗
    ║ Looks like Playwright was just installed or updated.       ║
    ║ Please run the following command to download new browsers: ║
    ║                                                            ║
    ║     npx playwright install                                 ║
    ║                                                            ║
    ║ <3 Playwright Team                                         ║
    ╚════════════════════════════════════════════════════════════╝

    Error Context: test-results/e2e-editor-stage-T070-1280-dd03d-ownership-and-geometry-safe-chromium/error-context.md

  45) [chromium] › e2e/editor-stage.test.ts:141:7 › T070 1280px Minimal Light keeps popup ownership and geometry safe 

    Error: browserType.launch: Executable doesn't exist at /Users/ok/Library/Caches/ms-playwright/chromium_headless_shell-1228/chrome-headless-shell-mac-arm64/chrome-headless-shell
    ╔════════════════════════════════════════════════════════════╗
    ║ Looks like Playwright was just installed or updated.       ║
    ║ Please run the following command to download new browsers: ║
    ║                                                            ║
    ║     npx playwright install                                 ║
    ║                                                            ║
    ║ <3 Playwright Team                                         ║
    ╚════════════════════════════════════════════════════════════╝

    Error Context: test-results/e2e-editor-stage-T070-1280-d6ab3-ownership-and-geometry-safe-chromium/error-context.md

  46) [chromium] › e2e/editor-stage.test.ts:141:7 › T070 1280px Minimal Dark keeps popup ownership and geometry safe 

    Error: browserType.launch: Executable doesn't exist at /Users/ok/Library/Caches/ms-playwright/chromium_headless_shell-1228/chrome-headless-shell-mac-arm64/chrome-headless-shell
    ╔════════════════════════════════════════════════════════════╗
    ║ Looks like Playwright was just installed or updated.       ║
    ║ Please run the following command to download new browsers: ║
    ║                                                            ║
    ║     npx playwright install                                 ║
    ║                                                            ║
    ║ <3 Playwright Team                                         ║
    ╚════════════════════════════════════════════════════════════╝

    Error Context: test-results/e2e-editor-stage-T070-1280-f0d54-ownership-and-geometry-safe-chromium/error-context.md

  47) [chromium] › e2e/editor-stage.test.ts:141:7 › T070 768px Liquid Glass Auto (system) keeps popup ownership and geometry safe 

    Error: browserType.launch: Executable doesn't exist at /Users/ok/Library/Caches/ms-playwright/chromium_headless_shell-1228/chrome-headless-shell-mac-arm64/chrome-headless-shell
    ╔════════════════════════════════════════════════════════════╗
    ║ Looks like Playwright was just installed or updated.       ║
    ║ Please run the following command to download new browsers: ║
    ║                                                            ║
    ║     npx playwright install                                 ║
    ║                                                            ║
    ║ <3 Playwright Team                                         ║
    ╚════════════════════════════════════════════════════════════╝

    Error Context: test-results/e2e-editor-stage-T070-768p-83a14-ownership-and-geometry-safe-chromium/error-context.md

  48) [chromium] › e2e/editor-stage.test.ts:141:7 › T070 768px Liquid Glass Light keeps popup ownership and geometry safe 

    Error: browserType.launch: Executable doesn't exist at /Users/ok/Library/Caches/ms-playwright/chromium_headless_shell-1228/chrome-headless-shell-mac-arm64/chrome-headless-shell
    ╔════════════════════════════════════════════════════════════╗
    ║ Looks like Playwright was just installed or updated.       ║
    ║ Please run the following command to download new browsers: ║
    ║                                                            ║
    ║     npx playwright install                                 ║
    ║                                                            ║
    ║ <3 Playwright Team                                         ║
    ╚════════════════════════════════════════════════════════════╝

    Error Context: test-results/e2e-editor-stage-T070-768p-5941b-ownership-and-geometry-safe-chromium/error-context.md

  49) [chromium] › e2e/editor-stage.test.ts:141:7 › T070 768px Liquid Glass Dark keeps popup ownership and geometry safe 

    Error: browserType.launch: Executable doesn't exist at /Users/ok/Library/Caches/ms-playwright/chromium_headless_shell-1228/chrome-headless-shell-mac-arm64/chrome-headless-shell
    ╔════════════════════════════════════════════════════════════╗
    ║ Looks like Playwright was just installed or updated.       ║
    ║ Please run the following command to download new browsers: ║
    ║                                                            ║
    ║     npx playwright install                                 ║
    ║                                                            ║
    ║ <3 Playwright Team                                         ║
    ╚════════════════════════════════════════════════════════════╝

    Error Context: test-results/e2e-editor-stage-T070-768p-ee632-ownership-and-geometry-safe-chromium/error-context.md

  50) [chromium] › e2e/editor-stage.test.ts:141:7 › T070 768px Material Auto (system) keeps popup ownership and geometry safe 

    Error: browserType.launch: Executable doesn't exist at /Users/ok/Library/Caches/ms-playwright/chromium_headless_shell-1228/chrome-headless-shell-mac-arm64/chrome-headless-shell
    ╔════════════════════════════════════════════════════════════╗
    ║ Looks like Playwright was just installed or updated.       ║
    ║ Please run the following command to download new browsers: ║
    ║                                                            ║
    ║     npx playwright install                                 ║
    ║                                                            ║
    ║ <3 Playwright Team                                         ║
    ╚════════════════════════════════════════════════════════════╝

    Error Context: test-results/e2e-editor-stage-T070-768p-b1c76-ownership-and-geometry-safe-chromium/error-context.md

  51) [chromium] › e2e/editor-stage.test.ts:141:7 › T070 768px Material Light keeps popup ownership and geometry safe 

    Error: browserType.launch: Executable doesn't exist at /Users/ok/Library/Caches/ms-playwright/chromium_headless_shell-1228/chrome-headless-shell-mac-arm64/chrome-headless-shell
    ╔════════════════════════════════════════════════════════════╗
    ║ Looks like Playwright was just installed or updated.       ║
    ║ Please run the following command to download new browsers: ║
    ║                                                            ║
    ║     npx playwright install                                 ║
    ║                                                            ║
    ║ <3 Playwright Team                                         ║
    ╚════════════════════════════════════════════════════════════╝

    Error Context: test-results/e2e-editor-stage-T070-768p-d6602-ownership-and-geometry-safe-chromium/error-context.md

  52) [chromium] › e2e/editor-stage.test.ts:141:7 › T070 768px Material Dark keeps popup ownership and geometry safe 

    Error: browserType.launch: Executable doesn't exist at /Users/ok/Library/Caches/ms-playwright/chromium_headless_shell-1228/chrome-headless-shell-mac-arm64/chrome-headless-shell
    ╔════════════════════════════════════════════════════════════╗
    ║ Looks like Playwright was just installed or updated.       ║
    ║ Please run the following command to download new browsers: ║
    ║                                                            ║
    ║     npx playwright install                                 ║
    ║                                                            ║
    ║ <3 Playwright Team                                         ║
    ╚════════════════════════════════════════════════════════════╝

    Error Context: test-results/e2e-editor-stage-T070-768p-1183e-ownership-and-geometry-safe-chromium/error-context.md

  53) [chromium] › e2e/editor-stage.test.ts:141:7 › T070 768px Minimal Auto (system) keeps popup ownership and geometry safe 

    Error: browserType.launch: Executable doesn't exist at /Users/ok/Library/Caches/ms-playwright/chromium_headless_shell-1228/chrome-headless-shell-mac-arm64/chrome-headless-shell
    ╔════════════════════════════════════════════════════════════╗
    ║ Looks like Playwright was just installed or updated.       ║
    ║ Please run the following command to download new browsers: ║
    ║                                                            ║
    ║     npx playwright install                                 ║
    ║                                                            ║
    ║ <3 Playwright Team                                         ║
    ╚════════════════════════════════════════════════════════════╝

    Error Context: test-results/e2e-editor-stage-T070-768p-7aafe-ownership-and-geometry-safe-chromium/error-context.md

  54) [chromium] › e2e/editor-stage.test.ts:141:7 › T070 768px Minimal Light keeps popup ownership and geometry safe 

    Error: browserType.launch: Executable doesn't exist at /Users/ok/Library/Caches/ms-playwright/chromium_headless_shell-1228/chrome-headless-shell-mac-arm64/chrome-headless-shell
    ╔════════════════════════════════════════════════════════════╗
    ║ Looks like Playwright was just installed or updated.       ║
    ║ Please run the following command to download new browsers: ║
    ║                                                            ║
    ║     npx playwright install                                 ║
    ║                                                            ║
    ║ <3 Playwright Team                                         ║
    ╚════════════════════════════════════════════════════════════╝

    Error Context: test-results/e2e-editor-stage-T070-768p-e5dc1-ownership-and-geometry-safe-chromium/error-context.md

  55) [chromium] › e2e/editor-stage.test.ts:141:7 › T070 768px Minimal Dark keeps popup ownership and geometry safe 

    Error: browserType.launch: Executable doesn't exist at /Users/ok/Library/Caches/ms-playwright/chromium_headless_shell-1228/chrome-headless-shell-mac-arm64/chrome-headless-shell
    ╔════════════════════════════════════════════════════════════╗
    ║ Looks like Playwright was just installed or updated.       ║
    ║ Please run the following command to download new browsers: ║
    ║                                                            ║
    ║     npx playwright install                                 ║
    ║                                                            ║
    ║ <3 Playwright Team                                         ║
    ╚════════════════════════════════════════════════════════════╝

    Error Context: test-results/e2e-editor-stage-T070-768p-593fd-ownership-and-geometry-safe-chromium/error-context.md

  56) [chromium] › e2e/editor-stage.test.ts:141:7 › T070 375px Liquid Glass Auto (system) keeps popup ownership and geometry safe 

    Error: browserType.launch: Executable doesn't exist at /Users/ok/Library/Caches/ms-playwright/chromium_headless_shell-1228/chrome-headless-shell-mac-arm64/chrome-headless-shell
    ╔════════════════════════════════════════════════════════════╗
    ║ Looks like Playwright was just installed or updated.       ║
    ║ Please run the following command to download new browsers: ║
    ║                                                            ║
    ║     npx playwright install                                 ║
    ║                                                            ║
    ║ <3 Playwright Team                                         ║
    ╚════════════════════════════════════════════════════════════╝

    Error Context: test-results/e2e-editor-stage-T070-375p-51272-ownership-and-geometry-safe-chromium/error-context.md

  57) [chromium] › e2e/editor-stage.test.ts:141:7 › T070 375px Liquid Glass Light keeps popup ownership and geometry safe 

    Error: browserType.launch: Executable doesn't exist at /Users/ok/Library/Caches/ms-playwright/chromium_headless_shell-1228/chrome-headless-shell-mac-arm64/chrome-headless-shell
    ╔════════════════════════════════════════════════════════════╗
    ║ Looks like Playwright was just installed or updated.       ║
    ║ Please run the following command to download new browsers: ║
    ║                                                            ║
    ║     npx playwright install                                 ║
    ║                                                            ║
    ║ <3 Playwright Team                                         ║
    ╚════════════════════════════════════════════════════════════╝

    Error Context: test-results/e2e-editor-stage-T070-375p-01e03-ownership-and-geometry-safe-chromium/error-context.md

  58) [chromium] › e2e/editor-stage.test.ts:141:7 › T070 375px Liquid Glass Dark keeps popup ownership and geometry safe 

    Error: browserType.launch: Executable doesn't exist at /Users/ok/Library/Caches/ms-playwright/chromium_headless_shell-1228/chrome-headless-shell-mac-arm64/chrome-headless-shell
    ╔════════════════════════════════════════════════════════════╗
    ║ Looks like Playwright was just installed or updated.       ║
    ║ Please run the following command to download new browsers: ║
    ║                                                            ║
    ║     npx playwright install                                 ║
    ║                                                            ║
    ║ <3 Playwright Team                                         ║
    ╚════════════════════════════════════════════════════════════╝

    Error Context: test-results/e2e-editor-stage-T070-375p-f0b02-ownership-and-geometry-safe-chromium/error-context.md

  59) [chromium] › e2e/editor-stage.test.ts:141:7 › T070 375px Material Auto (system) keeps popup ownership and geometry safe 

    Error: browserType.launch: Executable doesn't exist at /Users/ok/Library/Caches/ms-playwright/chromium_headless_shell-1228/chrome-headless-shell-mac-arm64/chrome-headless-shell
    ╔════════════════════════════════════════════════════════════╗
    ║ Looks like Playwright was just installed or updated.       ║
    ║ Please run the following command to download new browsers: ║
    ║                                                            ║
    ║     npx playwright install                                 ║
    ║                                                            ║
    ║ <3 Playwright Team                                         ║
    ╚════════════════════════════════════════════════════════════╝

    Error Context: test-results/e2e-editor-stage-T070-375p-2985b-ownership-and-geometry-safe-chromium/error-context.md

  60) [chromium] › e2e/editor-stage.test.ts:141:7 › T070 375px Material Light keeps popup ownership and geometry safe 

    Error: browserType.launch: Executable doesn't exist at /Users/ok/Library/Caches/ms-playwright/chromium_headless_shell-1228/chrome-headless-shell-mac-arm64/chrome-headless-shell
    ╔════════════════════════════════════════════════════════════╗
    ║ Looks like Playwright was just installed or updated.       ║
    ║ Please run the following command to download new browsers: ║
    ║                                                            ║
    ║     npx playwright install                                 ║
    ║                                                            ║
    ║ <3 Playwright Team                                         ║
    ╚════════════════════════════════════════════════════════════╝

    Error Context: test-results/e2e-editor-stage-T070-375p-0c858-ownership-and-geometry-safe-chromium/error-context.md

  61) [chromium] › e2e/editor-stage.test.ts:141:7 › T070 375px Material Dark keeps popup ownership and geometry safe 

    Error: browserType.launch: Executable doesn't exist at /Users/ok/Library/Caches/ms-playwright/chromium_headless_shell-1228/chrome-headless-shell-mac-arm64/chrome-headless-shell
    ╔════════════════════════════════════════════════════════════╗
    ║ Looks like Playwright was just installed or updated.       ║
    ║ Please run the following command to download new browsers: ║
    ║                                                            ║
    ║     npx playwright install                                 ║
    ║                                                            ║
    ║ <3 Playwright Team                                         ║
    ╚════════════════════════════════════════════════════════════╝

    Error Context: test-results/e2e-editor-stage-T070-375p-c3724-ownership-and-geometry-safe-chromium/error-context.md

  62) [chromium] › e2e/editor-stage.test.ts:141:7 › T070 375px Minimal Auto (system) keeps popup ownership and geometry safe 

    Error: browserType.launch: Executable doesn't exist at /Users/ok/Library/Caches/ms-playwright/chromium_headless_shell-1228/chrome-headless-shell-mac-arm64/chrome-headless-shell
    ╔════════════════════════════════════════════════════════════╗
    ║ Looks like Playwright was just installed or updated.       ║
    ║ Please run the following command to download new browsers: ║
    ║                                                            ║
    ║     npx playwright install                                 ║
    ║                                                            ║
    ║ <3 Playwright Team                                         ║
    ╚════════════════════════════════════════════════════════════╝

    Error Context: test-results/e2e-editor-stage-T070-375p-fce07-ownership-and-geometry-safe-chromium/error-context.md

  63) [chromium] › e2e/editor-stage.test.ts:141:7 › T070 375px Minimal Light keeps popup ownership and geometry safe 

    Error: browserType.launch: Executable doesn't exist at /Users/ok/Library/Caches/ms-playwright/chromium_headless_shell-1228/chrome-headless-shell-mac-arm64/chrome-headless-shell
    ╔════════════════════════════════════════════════════════════╗
    ║ Looks like Playwright was just installed or updated.       ║
    ║ Please run the following command to download new browsers: ║
    ║                                                            ║
    ║     npx playwright install                                 ║
    ║                                                            ║
    ║ <3 Playwright Team                                         ║
    ╚════════════════════════════════════════════════════════════╝

    Error Context: test-results/e2e-editor-stage-T070-375p-af21b-ownership-and-geometry-safe-chromium/error-context.md

  64) [chromium] › e2e/editor-stage.test.ts:141:7 › T070 375px Minimal Dark keeps popup ownership and geometry safe 

    Error: browserType.launch: Executable doesn't exist at /Users/ok/Library/Caches/ms-playwright/chromium_headless_shell-1228/chrome-headless-shell-mac-arm64/chrome-headless-shell
    ╔════════════════════════════════════════════════════════════╗
    ║ Looks like Playwright was just installed or updated.       ║
    ║ Please run the following command to download new browsers: ║
    ║                                                            ║
    ║     npx playwright install                                 ║
    ║                                                            ║
    ║ <3 Playwright Team                                         ║
    ╚════════════════════════════════════════════════════════════╝

    Error Context: test-results/e2e-editor-stage-T070-375p-fbbd0-ownership-and-geometry-safe-chromium/error-context.md

  65) [chromium] › e2e/editor-stage.test.ts:322:7 › T069 1280px Liquid Glass Auto (system) retains the mockup chrome hierarchy 

    Error: browserType.launch: Executable doesn't exist at /Users/ok/Library/Caches/ms-playwright/chromium_headless_shell-1228/chrome-headless-shell-mac-arm64/chrome-headless-shell
    ╔════════════════════════════════════════════════════════════╗
    ║ Looks like Playwright was just installed or updated.       ║
    ║ Please run the following command to download new browsers: ║
    ║                                                            ║
    ║     npx playwright install                                 ║
    ║                                                            ║
    ║ <3 Playwright Team                                         ║
    ╚════════════════════════════════════════════════════════════╝

    Error Context: test-results/e2e-editor-stage-T069-1280-371f3-the-mockup-chrome-hierarchy-chromium/error-context.md

  66) [chromium] › e2e/editor-stage.test.ts:322:7 › T069 1280px Liquid Glass Light retains the mockup chrome hierarchy 

    Error: browserType.launch: Executable doesn't exist at /Users/ok/Library/Caches/ms-playwright/chromium_headless_shell-1228/chrome-headless-shell-mac-arm64/chrome-headless-shell
    ╔════════════════════════════════════════════════════════════╗
    ║ Looks like Playwright was just installed or updated.       ║
    ║ Please run the following command to download new browsers: ║
    ║                                                            ║
    ║     npx playwright install                                 ║
    ║                                                            ║
    ║ <3 Playwright Team                                         ║
    ╚════════════════════════════════════════════════════════════╝

    Error Context: test-results/e2e-editor-stage-T069-1280-34f3a-the-mockup-chrome-hierarchy-chromium/error-context.md

  67) [chromium] › e2e/editor-stage.test.ts:322:7 › T069 1280px Liquid Glass Dark retains the mockup chrome hierarchy 

    Error: browserType.launch: Executable doesn't exist at /Users/ok/Library/Caches/ms-playwright/chromium_headless_shell-1228/chrome-headless-shell-mac-arm64/chrome-headless-shell
    ╔════════════════════════════════════════════════════════════╗
    ║ Looks like Playwright was just installed or updated.       ║
    ║ Please run the following command to download new browsers: ║
    ║                                                            ║
    ║     npx playwright install                                 ║
    ║                                                            ║
    ║ <3 Playwright Team                                         ║
    ╚════════════════════════════════════════════════════════════╝

    Error Context: test-results/e2e-editor-stage-T069-1280-9be9a-the-mockup-chrome-hierarchy-chromium/error-context.md

  68) [chromium] › e2e/editor-stage.test.ts:322:7 › T069 1280px Material Auto (system) retains the mockup chrome hierarchy 

    Error: browserType.launch: Executable doesn't exist at /Users/ok/Library/Caches/ms-playwright/chromium_headless_shell-1228/chrome-headless-shell-mac-arm64/chrome-headless-shell
    ╔════════════════════════════════════════════════════════════╗
    ║ Looks like Playwright was just installed or updated.       ║
    ║ Please run the following command to download new browsers: ║
    ║                                                            ║
    ║     npx playwright install                                 ║
    ║                                                            ║
    ║ <3 Playwright Team                                         ║
    ╚════════════════════════════════════════════════════════════╝

    Error Context: test-results/e2e-editor-stage-T069-1280-6e382-the-mockup-chrome-hierarchy-chromium/error-context.md

  69) [chromium] › e2e/editor-stage.test.ts:322:7 › T069 1280px Material Light retains the mockup chrome hierarchy 

    Error: browserType.launch: Executable doesn't exist at /Users/ok/Library/Caches/ms-playwright/chromium_headless_shell-1228/chrome-headless-shell-mac-arm64/chrome-headless-shell
    ╔════════════════════════════════════════════════════════════╗
    ║ Looks like Playwright was just installed or updated.       ║
    ║ Please run the following command to download new browsers: ║
    ║                                                            ║
    ║     npx playwright install                                 ║
    ║                                                            ║
    ║ <3 Playwright Team                                         ║
    ╚════════════════════════════════════════════════════════════╝

    Error Context: test-results/e2e-editor-stage-T069-1280-c380e-the-mockup-chrome-hierarchy-chromium/error-context.md

  70) [chromium] › e2e/editor-stage.test.ts:322:7 › T069 1280px Material Dark retains the mockup chrome hierarchy 

    Error: browserType.launch: Executable doesn't exist at /Users/ok/Library/Caches/ms-playwright/chromium_headless_shell-1228/chrome-headless-shell-mac-arm64/chrome-headless-shell
    ╔════════════════════════════════════════════════════════════╗
    ║ Looks like Playwright was just installed or updated.       ║
    ║ Please run the following command to download new browsers: ║
    ║                                                            ║
    ║     npx playwright install                                 ║
    ║                                                            ║
    ║ <3 Playwright Team                                         ║
    ╚════════════════════════════════════════════════════════════╝

    Error Context: test-results/e2e-editor-stage-T069-1280-1185f-the-mockup-chrome-hierarchy-chromium/error-context.md

  71) [chromium] › e2e/editor-stage.test.ts:322:7 › T069 1280px Minimal Auto (system) retains the mockup chrome hierarchy 

    Error: browserType.launch: Executable doesn't exist at /Users/ok/Library/Caches/ms-playwright/chromium_headless_shell-1228/chrome-headless-shell-mac-arm64/chrome-headless-shell
    ╔════════════════════════════════════════════════════════════╗
    ║ Looks like Playwright was just installed or updated.       ║
    ║ Please run the following command to download new browsers: ║
    ║                                                            ║
    ║     npx playwright install                                 ║
    ║                                                            ║
    ║ <3 Playwright Team                                         ║
    ╚════════════════════════════════════════════════════════════╝

    Error Context: test-results/e2e-editor-stage-T069-1280-c54d1-the-mockup-chrome-hierarchy-chromium/error-context.md

  72) [chromium] › e2e/editor-stage.test.ts:322:7 › T069 1280px Minimal Light retains the mockup chrome hierarchy 

    Error: browserType.launch: Executable doesn't exist at /Users/ok/Library/Caches/ms-playwright/chromium_headless_shell-1228/chrome-headless-shell-mac-arm64/chrome-headless-shell
    ╔════════════════════════════════════════════════════════════╗
    ║ Looks like Playwright was just installed or updated.       ║
    ║ Please run the following command to download new browsers: ║
    ║                                                            ║
    ║     npx playwright install                                 ║
    ║                                                            ║
    ║ <3 Playwright Team                                         ║
    ╚════════════════════════════════════════════════════════════╝

    Error Context: test-results/e2e-editor-stage-T069-1280-dc9a4-the-mockup-chrome-hierarchy-chromium/error-context.md

  73) [chromium] › e2e/editor-stage.test.ts:322:7 › T069 1280px Minimal Dark retains the mockup chrome hierarchy 

    Error: browserType.launch: Executable doesn't exist at /Users/ok/Library/Caches/ms-playwright/chromium_headless_shell-1228/chrome-headless-shell-mac-arm64/chrome-headless-shell
    ╔════════════════════════════════════════════════════════════╗
    ║ Looks like Playwright was just installed or updated.       ║
    ║ Please run the following command to download new browsers: ║
    ║                                                            ║
    ║     npx playwright install                                 ║
    ║                                                            ║
    ║ <3 Playwright Team                                         ║
    ╚════════════════════════════════════════════════════════════╝

    Error Context: test-results/e2e-editor-stage-T069-1280-a3645-the-mockup-chrome-hierarchy-chromium/error-context.md

  74) [chromium] › e2e/editor-stage.test.ts:322:7 › T069 768px Liquid Glass Auto (system) retains the mockup chrome hierarchy 

    Error: browserType.launch: Executable doesn't exist at /Users/ok/Library/Caches/ms-playwright/chromium_headless_shell-1228/chrome-headless-shell-mac-arm64/chrome-headless-shell
    ╔════════════════════════════════════════════════════════════╗
    ║ Looks like Playwright was just installed or updated.       ║
    ║ Please run the following command to download new browsers: ║
    ║                                                            ║
    ║     npx playwright install                                 ║
    ║                                                            ║
    ║ <3 Playwright Team                                         ║
    ╚════════════════════════════════════════════════════════════╝

    Error Context: test-results/e2e-editor-stage-T069-768p-ace41-the-mockup-chrome-hierarchy-chromium/error-context.md

  75) [chromium] › e2e/editor-stage.test.ts:322:7 › T069 768px Liquid Glass Light retains the mockup chrome hierarchy 

    Error: browserType.launch: Executable doesn't exist at /Users/ok/Library/Caches/ms-playwright/chromium_headless_shell-1228/chrome-headless-shell-mac-arm64/chrome-headless-shell
    ╔════════════════════════════════════════════════════════════╗
    ║ Looks like Playwright was just installed or updated.       ║
    ║ Please run the following command to download new browsers: ║
    ║                                                            ║
    ║     npx playwright install                                 ║
    ║                                                            ║
    ║ <3 Playwright Team                                         ║
    ╚════════════════════════════════════════════════════════════╝

    Error Context: test-results/e2e-editor-stage-T069-768p-bd99c-the-mockup-chrome-hierarchy-chromium/error-context.md

  76) [chromium] › e2e/editor-stage.test.ts:322:7 › T069 768px Liquid Glass Dark retains the mockup chrome hierarchy 

    Error: browserType.launch: Executable doesn't exist at /Users/ok/Library/Caches/ms-playwright/chromium_headless_shell-1228/chrome-headless-shell-mac-arm64/chrome-headless-shell
    ╔════════════════════════════════════════════════════════════╗
    ║ Looks like Playwright was just installed or updated.       ║
    ║ Please run the following command to download new browsers: ║
    ║                                                            ║
    ║     npx playwright install                                 ║
    ║                                                            ║
    ║ <3 Playwright Team                                         ║
    ╚════════════════════════════════════════════════════════════╝

    Error Context: test-results/e2e-editor-stage-T069-768p-c6d96-the-mockup-chrome-hierarchy-chromium/error-context.md

  77) [chromium] › e2e/editor-stage.test.ts:322:7 › T069 768px Material Auto (system) retains the mockup chrome hierarchy 

    Error: browserType.launch: Executable doesn't exist at /Users/ok/Library/Caches/ms-playwright/chromium_headless_shell-1228/chrome-headless-shell-mac-arm64/chrome-headless-shell
    ╔════════════════════════════════════════════════════════════╗
    ║ Looks like Playwright was just installed or updated.       ║
    ║ Please run the following command to download new browsers: ║
    ║                                                            ║
    ║     npx playwright install                                 ║
    ║                                                            ║
    ║ <3 Playwright Team                                         ║
    ╚════════════════════════════════════════════════════════════╝

    Error Context: test-results/e2e-editor-stage-T069-768p-45ae1-the-mockup-chrome-hierarchy-chromium/error-context.md

  78) [chromium] › e2e/editor-stage.test.ts:322:7 › T069 768px Material Light retains the mockup chrome hierarchy 

    Error: browserType.launch: Executable doesn't exist at /Users/ok/Library/Caches/ms-playwright/chromium_headless_shell-1228/chrome-headless-shell-mac-arm64/chrome-headless-shell
    ╔════════════════════════════════════════════════════════════╗
    ║ Looks like Playwright was just installed or updated.       ║
    ║ Please run the following command to download new browsers: ║
    ║                                                            ║
    ║     npx playwright install                                 ║
    ║                                                            ║
    ║ <3 Playwright Team                                         ║
    ╚════════════════════════════════════════════════════════════╝

    Error Context: test-results/e2e-editor-stage-T069-768p-128f1-the-mockup-chrome-hierarchy-chromium/error-context.md

  79) [chromium] › e2e/editor-stage.test.ts:322:7 › T069 768px Material Dark retains the mockup chrome hierarchy 

    Error: browserType.launch: Executable doesn't exist at /Users/ok/Library/Caches/ms-playwright/chromium_headless_shell-1228/chrome-headless-shell-mac-arm64/chrome-headless-shell
    ╔════════════════════════════════════════════════════════════╗
    ║ Looks like Playwright was just installed or updated.       ║
    ║ Please run the following command to download new browsers: ║
    ║                                                            ║
    ║     npx playwright install                                 ║
    ║                                                            ║
    ║ <3 Playwright Team                                         ║
    ╚════════════════════════════════════════════════════════════╝

    Error Context: test-results/e2e-editor-stage-T069-768p-c7dcc-the-mockup-chrome-hierarchy-chromium/error-context.md

  80) [chromium] › e2e/editor-stage.test.ts:322:7 › T069 768px Minimal Auto (system) retains the mockup chrome hierarchy 

    Error: browserType.launch: Executable doesn't exist at /Users/ok/Library/Caches/ms-playwright/chromium_headless_shell-1228/chrome-headless-shell-mac-arm64/chrome-headless-shell
    ╔════════════════════════════════════════════════════════════╗
    ║ Looks like Playwright was just installed or updated.       ║
    ║ Please run the following command to download new browsers: ║
    ║                                                            ║
    ║     npx playwright install                                 ║
    ║                                                            ║
    ║ <3 Playwright Team                                         ║
    ╚════════════════════════════════════════════════════════════╝

    Error Context: test-results/e2e-editor-stage-T069-768p-73b4e-the-mockup-chrome-hierarchy-chromium/error-context.md

  81) [chromium] › e2e/editor-stage.test.ts:322:7 › T069 768px Minimal Light retains the mockup chrome hierarchy 

    Error: browserType.launch: Executable doesn't exist at /Users/ok/Library/Caches/ms-playwright/chromium_headless_shell-1228/chrome-headless-shell-mac-arm64/chrome-headless-shell
    ╔════════════════════════════════════════════════════════════╗
    ║ Looks like Playwright was just installed or updated.       ║
    ║ Please run the following command to download new browsers: ║
    ║                                                            ║
    ║     npx playwright install                                 ║
    ║                                                            ║
    ║ <3 Playwright Team                                         ║
    ╚════════════════════════════════════════════════════════════╝

    Error Context: test-results/e2e-editor-stage-T069-768p-3e658-the-mockup-chrome-hierarchy-chromium/error-context.md

  82) [chromium] › e2e/editor-stage.test.ts:322:7 › T069 768px Minimal Dark retains the mockup chrome hierarchy 

    Error: browserType.launch: Executable doesn't exist at /Users/ok/Library/Caches/ms-playwright/chromium_headless_shell-1228/chrome-headless-shell-mac-arm64/chrome-headless-shell
    ╔════════════════════════════════════════════════════════════╗
    ║ Looks like Playwright was just installed or updated.       ║
    ║ Please run the following command to download new browsers: ║
    ║                                                            ║
    ║     npx playwright install                                 ║
    ║                                                            ║
    ║ <3 Playwright Team                                         ║
    ╚════════════════════════════════════════════════════════════╝

    Error Context: test-results/e2e-editor-stage-T069-768p-f125f-the-mockup-chrome-hierarchy-chromium/error-context.md

  83) [chromium] › e2e/editor-stage.test.ts:322:7 › T069 375px Liquid Glass Auto (system) retains the mockup chrome hierarchy 

    Error: browserType.launch: Executable doesn't exist at /Users/ok/Library/Caches/ms-playwright/chromium_headless_shell-1228/chrome-headless-shell-mac-arm64/chrome-headless-shell
    ╔════════════════════════════════════════════════════════════╗
    ║ Looks like Playwright was just installed or updated.       ║
    ║ Please run the following command to download new browsers: ║
    ║                                                            ║
    ║     npx playwright install                                 ║
    ║                                                            ║
    ║ <3 Playwright Team                                         ║
    ╚════════════════════════════════════════════════════════════╝

    Error Context: test-results/e2e-editor-stage-T069-375p-1a973-the-mockup-chrome-hierarchy-chromium/error-context.md

  84) [chromium] › e2e/editor-stage.test.ts:322:7 › T069 375px Liquid Glass Light retains the mockup chrome hierarchy 

    Error: browserType.launch: Executable doesn't exist at /Users/ok/Library/Caches/ms-playwright/chromium_headless_shell-1228/chrome-headless-shell-mac-arm64/chrome-headless-shell
    ╔════════════════════════════════════════════════════════════╗
    ║ Looks like Playwright was just installed or updated.       ║
    ║ Please run the following command to download new browsers: ║
    ║                                                            ║
    ║     npx playwright install                                 ║
    ║                                                            ║
    ║ <3 Playwright Team                                         ║
    ╚════════════════════════════════════════════════════════════╝

    Error Context: test-results/e2e-editor-stage-T069-375p-774a5-the-mockup-chrome-hierarchy-chromium/error-context.md

  85) [chromium] › e2e/editor-stage.test.ts:322:7 › T069 375px Liquid Glass Dark retains the mockup chrome hierarchy 

    Error: browserType.launch: Executable doesn't exist at /Users/ok/Library/Caches/ms-playwright/chromium_headless_shell-1228/chrome-headless-shell-mac-arm64/chrome-headless-shell
    ╔════════════════════════════════════════════════════════════╗
    ║ Looks like Playwright was just installed or updated.       ║
    ║ Please run the following command to download new browsers: ║
    ║                                                            ║
    ║     npx playwright install                                 ║
    ║                                                            ║
    ║ <3 Playwright Team                                         ║
    ╚════════════════════════════════════════════════════════════╝

    Error Context: test-results/e2e-editor-stage-T069-375p-9512a-the-mockup-chrome-hierarchy-chromium/error-context.md

  86) [chromium] › e2e/editor-stage.test.ts:322:7 › T069 375px Material Auto (system) retains the mockup chrome hierarchy 

    Error: browserType.launch: Executable doesn't exist at /Users/ok/Library/Caches/ms-playwright/chromium_headless_shell-1228/chrome-headless-shell-mac-arm64/chrome-headless-shell
    ╔════════════════════════════════════════════════════════════╗
    ║ Looks like Playwright was just installed or updated.       ║
    ║ Please run the following command to download new browsers: ║
    ║                                                            ║
    ║     npx playwright install                                 ║
    ║                                                            ║
    ║ <3 Playwright Team                                         ║
    ╚════════════════════════════════════════════════════════════╝

    Error Context: test-results/e2e-editor-stage-T069-375p-1a35c-the-mockup-chrome-hierarchy-chromium/error-context.md

  87) [chromium] › e2e/editor-stage.test.ts:322:7 › T069 375px Material Light retains the mockup chrome hierarchy 

    Error: browserType.launch: Executable doesn't exist at /Users/ok/Library/Caches/ms-playwright/chromium_headless_shell-1228/chrome-headless-shell-mac-arm64/chrome-headless-shell
    ╔════════════════════════════════════════════════════════════╗
    ║ Looks like Playwright was just installed or updated.       ║
    ║ Please run the following command to download new browsers: ║
    ║                                                            ║
    ║     npx playwright install                                 ║
    ║                                                            ║
    ║ <3 Playwright Team                                         ║
    ╚════════════════════════════════════════════════════════════╝

    Error Context: test-results/e2e-editor-stage-T069-375p-7a013-the-mockup-chrome-hierarchy-chromium/error-context.md

  88) [chromium] › e2e/editor-stage.test.ts:322:7 › T069 375px Material Dark retains the mockup chrome hierarchy 

    Error: browserType.launch: Executable doesn't exist at /Users/ok/Library/Caches/ms-playwright/chromium_headless_shell-1228/chrome-headless-shell-mac-arm64/chrome-headless-shell
    ╔════════════════════════════════════════════════════════════╗
    ║ Looks like Playwright was just installed or updated.       ║
    ║ Please run the following command to download new browsers: ║
    ║                                                            ║
    ║     npx playwright install                                 ║
    ║                                                            ║
    ║ <3 Playwright Team                                         ║
    ╚════════════════════════════════════════════════════════════╝

    Error Context: test-results/e2e-editor-stage-T069-375p-c8018-the-mockup-chrome-hierarchy-chromium/error-context.md

  89) [chromium] › e2e/editor-stage.test.ts:322:7 › T069 375px Minimal Auto (system) retains the mockup chrome hierarchy 

    Error: browserType.launch: Executable doesn't exist at /Users/ok/Library/Caches/ms-playwright/chromium_headless_shell-1228/chrome-headless-shell-mac-arm64/chrome-headless-shell
    ╔════════════════════════════════════════════════════════════╗
    ║ Looks like Playwright was just installed or updated.       ║
    ║ Please run the following command to download new browsers: ║
    ║                                                            ║
    ║     npx playwright install                                 ║
    ║                                                            ║
    ║ <3 Playwright Team                                         ║
    ╚════════════════════════════════════════════════════════════╝

    Error Context: test-results/e2e-editor-stage-T069-375p-8cd5b-the-mockup-chrome-hierarchy-chromium/error-context.md

  90) [chromium] › e2e/editor-stage.test.ts:322:7 › T069 375px Minimal Light retains the mockup chrome hierarchy 

    Error: browserType.launch: Executable doesn't exist at /Users/ok/Library/Caches/ms-playwright/chromium_headless_shell-1228/chrome-headless-shell-mac-arm64/chrome-headless-shell
    ╔════════════════════════════════════════════════════════════╗
    ║ Looks like Playwright was just installed or updated.       ║
    ║ Please run the following command to download new browsers: ║
    ║                                                            ║
    ║     npx playwright install                                 ║
    ║                                                            ║
    ║ <3 Playwright Team                                         ║
    ╚════════════════════════════════════════════════════════════╝

    Error Context: test-results/e2e-editor-stage-T069-375p-f4307-the-mockup-chrome-hierarchy-chromium/error-context.md

  91) [chromium] › e2e/editor-stage.test.ts:322:7 › T069 375px Minimal Dark retains the mockup chrome hierarchy 

    Error: browserType.launch: Executable doesn't exist at /Users/ok/Library/Caches/ms-playwright/chromium_headless_shell-1228/chrome-headless-shell-mac-arm64/chrome-headless-shell
    ╔════════════════════════════════════════════════════════════╗
    ║ Looks like Playwright was just installed or updated.       ║
    ║ Please run the following command to download new browsers: ║
    ║                                                            ║
    ║     npx playwright install                                 ║
    ║                                                            ║
    ║ <3 Playwright Team                                         ║
    ╚════════════════════════════════════════════════════════════╝

    Error Context: test-results/e2e-editor-stage-T069-375p-8ff2b-the-mockup-chrome-hierarchy-chromium/error-context.md

  92) [chromium] › e2e/editor-stage.test.ts:457:7 › T055 1280px Liquid Glass Auto (system) exercises reachable Editor-stage journeys 

    Error: browserType.launch: Executable doesn't exist at /Users/ok/Library/Caches/ms-playwright/chromium_headless_shell-1228/chrome-headless-shell-mac-arm64/chrome-headless-shell
    ╔════════════════════════════════════════════════════════════╗
    ║ Looks like Playwright was just installed or updated.       ║
    ║ Please run the following command to download new browsers: ║
    ║                                                            ║
    ║     npx playwright install                                 ║
    ║                                                            ║
    ║ <3 Playwright Team                                         ║
    ╚════════════════════════════════════════════════════════════╝

    Error Context: test-results/e2e-editor-stage-T055-1280-1c0cf-hable-Editor-stage-journeys-chromium/error-context.md

  93) [chromium] › e2e/editor-stage.test.ts:457:7 › T055 1280px Liquid Glass Light exercises reachable Editor-stage journeys 

    Error: browserType.launch: Executable doesn't exist at /Users/ok/Library/Caches/ms-playwright/chromium_headless_shell-1228/chrome-headless-shell-mac-arm64/chrome-headless-shell
    ╔════════════════════════════════════════════════════════════╗
    ║ Looks like Playwright was just installed or updated.       ║
    ║ Please run the following command to download new browsers: ║
    ║                                                            ║
    ║     npx playwright install                                 ║
    ║                                                            ║
    ║ <3 Playwright Team                                         ║
    ╚════════════════════════════════════════════════════════════╝

    Error Context: test-results/e2e-editor-stage-T055-1280-dfb31-hable-Editor-stage-journeys-chromium/error-context.md

  94) [chromium] › e2e/editor-stage.test.ts:457:7 › T055 1280px Liquid Glass Dark exercises reachable Editor-stage journeys 

    Error: browserType.launch: Executable doesn't exist at /Users/ok/Library/Caches/ms-playwright/chromium_headless_shell-1228/chrome-headless-shell-mac-arm64/chrome-headless-shell
    ╔════════════════════════════════════════════════════════════╗
    ║ Looks like Playwright was just installed or updated.       ║
    ║ Please run the following command to download new browsers: ║
    ║                                                            ║
    ║     npx playwright install                                 ║
    ║                                                            ║
    ║ <3 Playwright Team                                         ║
    ╚════════════════════════════════════════════════════════════╝

    Error Context: test-results/e2e-editor-stage-T055-1280-6e895-hable-Editor-stage-journeys-chromium/error-context.md

  95) [chromium] › e2e/editor-stage.test.ts:457:7 › T055 1280px Material Auto (system) exercises reachable Editor-stage journeys 

    Error: browserType.launch: Executable doesn't exist at /Users/ok/Library/Caches/ms-playwright/chromium_headless_shell-1228/chrome-headless-shell-mac-arm64/chrome-headless-shell
    ╔════════════════════════════════════════════════════════════╗
    ║ Looks like Playwright was just installed or updated.       ║
    ║ Please run the following command to download new browsers: ║
    ║                                                            ║
    ║     npx playwright install                                 ║
    ║                                                            ║
    ║ <3 Playwright Team                                         ║
    ╚════════════════════════════════════════════════════════════╝

    Error Context: test-results/e2e-editor-stage-T055-1280-3dc0a-hable-Editor-stage-journeys-chromium/error-context.md

  96) [chromium] › e2e/editor-stage.test.ts:457:7 › T055 1280px Material Light exercises reachable Editor-stage journeys 

    Error: browserType.launch: Executable doesn't exist at /Users/ok/Library/Caches/ms-playwright/chromium_headless_shell-1228/chrome-headless-shell-mac-arm64/chrome-headless-shell
    ╔════════════════════════════════════════════════════════════╗
    ║ Looks like Playwright was just installed or updated.       ║
    ║ Please run the following command to download new browsers: ║
    ║                                                            ║
    ║     npx playwright install                                 ║
    ║                                                            ║
    ║ <3 Playwright Team                                         ║
    ╚════════════════════════════════════════════════════════════╝

    Error Context: test-results/e2e-editor-stage-T055-1280-b7e0e-hable-Editor-stage-journeys-chromium/error-context.md

  97) [chromium] › e2e/editor-stage.test.ts:457:7 › T055 1280px Material Dark exercises reachable Editor-stage journeys 

    Error: browserType.launch: Executable doesn't exist at /Users/ok/Library/Caches/ms-playwright/chromium_headless_shell-1228/chrome-headless-shell-mac-arm64/chrome-headless-shell
    ╔════════════════════════════════════════════════════════════╗
    ║ Looks like Playwright was just installed or updated.       ║
    ║ Please run the following command to download new browsers: ║
    ║                                                            ║
    ║     npx playwright install                                 ║
    ║                                                            ║
    ║ <3 Playwright Team                                         ║
    ╚════════════════════════════════════════════════════════════╝

    Error Context: test-results/e2e-editor-stage-T055-1280-849ee-hable-Editor-stage-journeys-chromium/error-context.md

  98) [chromium] › e2e/editor-stage.test.ts:457:7 › T055 1280px Minimal Auto (system) exercises reachable Editor-stage journeys 

    Error: browserType.launch: Executable doesn't exist at /Users/ok/Library/Caches/ms-playwright/chromium_headless_shell-1228/chrome-headless-shell-mac-arm64/chrome-headless-shell
    ╔════════════════════════════════════════════════════════════╗
    ║ Looks like Playwright was just installed or updated.       ║
    ║ Please run the following command to download new browsers: ║
    ║                                                            ║
    ║     npx playwright install                                 ║
    ║                                                            ║
    ║ <3 Playwright Team                                         ║
    ╚════════════════════════════════════════════════════════════╝

    Error Context: test-results/e2e-editor-stage-T055-1280-8098e-hable-Editor-stage-journeys-chromium/error-context.md

  99) [chromium] › e2e/editor-stage.test.ts:457:7 › T055 1280px Minimal Light exercises reachable Editor-stage journeys 

    Error: browserType.launch: Executable doesn't exist at /Users/ok/Library/Caches/ms-playwright/chromium_headless_shell-1228/chrome-headless-shell-mac-arm64/chrome-headless-shell
    ╔════════════════════════════════════════════════════════════╗
    ║ Looks like Playwright was just installed or updated.       ║
    ║ Please run the following command to download new browsers: ║
    ║                                                            ║
    ║     npx playwright install                                 ║
    ║                                                            ║
    ║ <3 Playwright Team                                         ║
    ╚════════════════════════════════════════════════════════════╝

    Error Context: test-results/e2e-editor-stage-T055-1280-53679-hable-Editor-stage-journeys-chromium/error-context.md

  100) [chromium] › e2e/editor-stage.test.ts:457:7 › T055 1280px Minimal Dark exercises reachable Editor-stage journeys 

    Error: browserType.launch: Executable doesn't exist at /Users/ok/Library/Caches/ms-playwright/chromium_headless_shell-1228/chrome-headless-shell-mac-arm64/chrome-headless-shell
    ╔════════════════════════════════════════════════════════════╗
    ║ Looks like Playwright was just installed or updated.       ║
    ║ Please run the following command to download new browsers: ║
    ║                                                            ║
    ║     npx playwright install                                 ║
    ║                                                            ║
    ║ <3 Playwright Team                                         ║
    ╚════════════════════════════════════════════════════════════╝

    Error Context: test-results/e2e-editor-stage-T055-1280-3e518-hable-Editor-stage-journeys-chromium/error-context.md

  101) [chromium] › e2e/editor-stage.test.ts:457:7 › T055 768px Liquid Glass Auto (system) exercises reachable Editor-stage journeys 

    Error: browserType.launch: Executable doesn't exist at /Users/ok/Library/Caches/ms-playwright/chromium_headless_shell-1228/chrome-headless-shell-mac-arm64/chrome-headless-shell
    ╔════════════════════════════════════════════════════════════╗
    ║ Looks like Playwright was just installed or updated.       ║
    ║ Please run the following command to download new browsers: ║
    ║                                                            ║
    ║     npx playwright install                                 ║
    ║                                                            ║
    ║ <3 Playwright Team                                         ║
    ╚════════════════════════════════════════════════════════════╝

    Error Context: test-results/e2e-editor-stage-T055-768p-00438-hable-Editor-stage-journeys-chromium/error-context.md

  102) [chromium] › e2e/editor-stage.test.ts:457:7 › T055 768px Liquid Glass Light exercises reachable Editor-stage journeys 

    Error: browserType.launch: Executable doesn't exist at /Users/ok/Library/Caches/ms-playwright/chromium_headless_shell-1228/chrome-headless-shell-mac-arm64/chrome-headless-shell
    ╔════════════════════════════════════════════════════════════╗
    ║ Looks like Playwright was just installed or updated.       ║
    ║ Please run the following command to download new browsers: ║
    ║                                                            ║
    ║     npx playwright install                                 ║
    ║                                                            ║
    ║ <3 Playwright Team                                         ║
    ╚════════════════════════════════════════════════════════════╝

    Error Context: test-results/e2e-editor-stage-T055-768p-a094d-hable-Editor-stage-journeys-chromium/error-context.md

  103) [chromium] › e2e/editor-stage.test.ts:457:7 › T055 768px Liquid Glass Dark exercises reachable Editor-stage journeys 

    Error: browserType.launch: Executable doesn't exist at /Users/ok/Library/Caches/ms-playwright/chromium_headless_shell-1228/chrome-headless-shell-mac-arm64/chrome-headless-shell
    ╔════════════════════════════════════════════════════════════╗
    ║ Looks like Playwright was just installed or updated.       ║
    ║ Please run the following command to download new browsers: ║
    ║                                                            ║
    ║     npx playwright install                                 ║
    ║                                                            ║
    ║ <3 Playwright Team                                         ║
    ╚════════════════════════════════════════════════════════════╝

    Error Context: test-results/e2e-editor-stage-T055-768p-1e740-hable-Editor-stage-journeys-chromium/error-context.md

  104) [chromium] › e2e/editor-stage.test.ts:457:7 › T055 768px Material Auto (system) exercises reachable Editor-stage journeys 

    Error: browserType.launch: Executable doesn't exist at /Users/ok/Library/Caches/ms-playwright/chromium_headless_shell-1228/chrome-headless-shell-mac-arm64/chrome-headless-shell
    ╔════════════════════════════════════════════════════════════╗
    ║ Looks like Playwright was just installed or updated.       ║
    ║ Please run the following command to download new browsers: ║
    ║                                                            ║
    ║     npx playwright install                                 ║
    ║                                                            ║
    ║ <3 Playwright Team                                         ║
    ╚════════════════════════════════════════════════════════════╝

    Error Context: test-results/e2e-editor-stage-T055-768p-39d1e-hable-Editor-stage-journeys-chromium/error-context.md

  105) [chromium] › e2e/editor-stage.test.ts:457:7 › T055 768px Material Light exercises reachable Editor-stage journeys 

    Error: browserType.launch: Executable doesn't exist at /Users/ok/Library/Caches/ms-playwright/chromium_headless_shell-1228/chrome-headless-shell-mac-arm64/chrome-headless-shell
    ╔════════════════════════════════════════════════════════════╗
    ║ Looks like Playwright was just installed or updated.       ║
    ║ Please run the following command to download new browsers: ║
    ║                                                            ║
    ║     npx playwright install                                 ║
    ║                                                            ║
    ║ <3 Playwright Team                                         ║
    ╚════════════════════════════════════════════════════════════╝

    Error Context: test-results/e2e-editor-stage-T055-768p-7e10d-hable-Editor-stage-journeys-chromium/error-context.md

  106) [chromium] › e2e/editor-stage.test.ts:457:7 › T055 768px Material Dark exercises reachable Editor-stage journeys 

    Error: browserType.launch: Executable doesn't exist at /Users/ok/Library/Caches/ms-playwright/chromium_headless_shell-1228/chrome-headless-shell-mac-arm64/chrome-headless-shell
    ╔════════════════════════════════════════════════════════════╗
    ║ Looks like Playwright was just installed or updated.       ║
    ║ Please run the following command to download new browsers: ║
    ║                                                            ║
    ║     npx playwright install                                 ║
    ║                                                            ║
    ║ <3 Playwright Team                                         ║
    ╚════════════════════════════════════════════════════════════╝

    Error Context: test-results/e2e-editor-stage-T055-768p-92fc6-hable-Editor-stage-journeys-chromium/error-context.md

  107) [chromium] › e2e/editor-stage.test.ts:457:7 › T055 768px Minimal Auto (system) exercises reachable Editor-stage journeys 

    Error: browserType.launch: Executable doesn't exist at /Users/ok/Library/Caches/ms-playwright/chromium_headless_shell-1228/chrome-headless-shell-mac-arm64/chrome-headless-shell
    ╔════════════════════════════════════════════════════════════╗
    ║ Looks like Playwright was just installed or updated.       ║
    ║ Please run the following command to download new browsers: ║
    ║                                                            ║
    ║     npx playwright install                                 ║
    ║                                                            ║
    ║ <3 Playwright Team                                         ║
    ╚════════════════════════════════════════════════════════════╝

    Error Context: test-results/e2e-editor-stage-T055-768p-e8d16-hable-Editor-stage-journeys-chromium/error-context.md

  108) [chromium] › e2e/editor-stage.test.ts:457:7 › T055 768px Minimal Light exercises reachable Editor-stage journeys 

    Error: browserType.launch: Executable doesn't exist at /Users/ok/Library/Caches/ms-playwright/chromium_headless_shell-1228/chrome-headless-shell-mac-arm64/chrome-headless-shell
    ╔════════════════════════════════════════════════════════════╗
    ║ Looks like Playwright was just installed or updated.       ║
    ║ Please run the following command to download new browsers: ║
    ║                                                            ║
    ║     npx playwright install                                 ║
    ║                                                            ║
    ║ <3 Playwright Team                                         ║
    ╚════════════════════════════════════════════════════════════╝

    Error Context: test-results/e2e-editor-stage-T055-768p-06261-hable-Editor-stage-journeys-chromium/error-context.md

  109) [chromium] › e2e/editor-stage.test.ts:457:7 › T055 768px Minimal Dark exercises reachable Editor-stage journeys 

    Error: browserType.launch: Executable doesn't exist at /Users/ok/Library/Caches/ms-playwright/chromium_headless_shell-1228/chrome-headless-shell-mac-arm64/chrome-headless-shell
    ╔════════════════════════════════════════════════════════════╗
    ║ Looks like Playwright was just installed or updated.       ║
    ║ Please run the following command to download new browsers: ║
    ║                                                            ║
    ║     npx playwright install                                 ║
    ║                                                            ║
    ║ <3 Playwright Team                                         ║
    ╚════════════════════════════════════════════════════════════╝

    Error Context: test-results/e2e-editor-stage-T055-768p-1b540-hable-Editor-stage-journeys-chromium/error-context.md

  110) [chromium] › e2e/editor-stage.test.ts:457:7 › T055 375px Liquid Glass Auto (system) exercises reachable Editor-stage journeys 

    Error: browserType.launch: Executable doesn't exist at /Users/ok/Library/Caches/ms-playwright/chromium_headless_shell-1228/chrome-headless-shell-mac-arm64/chrome-headless-shell
    ╔════════════════════════════════════════════════════════════╗
    ║ Looks like Playwright was just installed or updated.       ║
    ║ Please run the following command to download new browsers: ║
    ║                                                            ║
    ║     npx playwright install                                 ║
    ║                                                            ║
    ║ <3 Playwright Team                                         ║
    ╚════════════════════════════════════════════════════════════╝

    Error Context: test-results/e2e-editor-stage-T055-375p-aba68-hable-Editor-stage-journeys-chromium/error-context.md

  111) [chromium] › e2e/editor-stage.test.ts:457:7 › T055 375px Liquid Glass Light exercises reachable Editor-stage journeys 

    Error: browserType.launch: Executable doesn't exist at /Users/ok/Library/Caches/ms-playwright/chromium_headless_shell-1228/chrome-headless-shell-mac-arm64/chrome-headless-shell
    ╔════════════════════════════════════════════════════════════╗
    ║ Looks like Playwright was just installed or updated.       ║
    ║ Please run the following command to download new browsers: ║
    ║                                                            ║
    ║     npx playwright install                                 ║
    ║                                                            ║
    ║ <3 Playwright Team                                         ║
    ╚════════════════════════════════════════════════════════════╝

    Error Context: test-results/e2e-editor-stage-T055-375p-292c2-hable-Editor-stage-journeys-chromium/error-context.md

  112) [chromium] › e2e/editor-stage.test.ts:457:7 › T055 375px Liquid Glass Dark exercises reachable Editor-stage journeys 

    Error: browserType.launch: Executable doesn't exist at /Users/ok/Library/Caches/ms-playwright/chromium_headless_shell-1228/chrome-headless-shell-mac-arm64/chrome-headless-shell
    ╔════════════════════════════════════════════════════════════╗
    ║ Looks like Playwright was just installed or updated.       ║
    ║ Please run the following command to download new browsers: ║
    ║                                                            ║
    ║     npx playwright install                                 ║
    ║                                                            ║
    ║ <3 Playwright Team                                         ║
    ╚════════════════════════════════════════════════════════════╝

    Error Context: test-results/e2e-editor-stage-T055-375p-6b9f7-hable-Editor-stage-journeys-chromium/error-context.md

  113) [chromium] › e2e/editor-stage.test.ts:457:7 › T055 375px Material Auto (system) exercises reachable Editor-stage journeys 

    Error: browserType.launch: Executable doesn't exist at /Users/ok/Library/Caches/ms-playwright/chromium_headless_shell-1228/chrome-headless-shell-mac-arm64/chrome-headless-shell
    ╔════════════════════════════════════════════════════════════╗
    ║ Looks like Playwright was just installed or updated.       ║
    ║ Please run the following command to download new browsers: ║
    ║                                                            ║
    ║     npx playwright install                                 ║
    ║                                                            ║
    ║ <3 Playwright Team                                         ║
    ╚════════════════════════════════════════════════════════════╝

    Error Context: test-results/e2e-editor-stage-T055-375p-bc73a-hable-Editor-stage-journeys-chromium/error-context.md

  114) [chromium] › e2e/editor-stage.test.ts:457:7 › T055 375px Material Light exercises reachable Editor-stage journeys 

    Error: browserType.launch: Executable doesn't exist at /Users/ok/Library/Caches/ms-playwright/chromium_headless_shell-1228/chrome-headless-shell-mac-arm64/chrome-headless-shell
    ╔════════════════════════════════════════════════════════════╗
    ║ Looks like Playwright was just installed or updated.       ║
    ║ Please run the following command to download new browsers: ║
    ║                                                            ║
    ║     npx playwright install                                 ║
    ║                                                            ║
    ║ <3 Playwright Team                                         ║
    ╚════════════════════════════════════════════════════════════╝

    Error Context: test-results/e2e-editor-stage-T055-375p-1cc3d-hable-Editor-stage-journeys-chromium/error-context.md

  115) [chromium] › e2e/editor-stage.test.ts:457:7 › T055 375px Material Dark exercises reachable Editor-stage journeys 

    Error: browserType.launch: Executable doesn't exist at /Users/ok/Library/Caches/ms-playwright/chromium_headless_shell-1228/chrome-headless-shell-mac-arm64/chrome-headless-shell
    ╔════════════════════════════════════════════════════════════╗
    ║ Looks like Playwright was just installed or updated.       ║
    ║ Please run the following command to download new browsers: ║
    ║                                                            ║
    ║     npx playwright install                                 ║
    ║                                                            ║
    ║ <3 Playwright Team                                         ║
    ╚════════════════════════════════════════════════════════════╝

    Error Context: test-results/e2e-editor-stage-T055-375p-844b7-hable-Editor-stage-journeys-chromium/error-context.md

  116) [chromium] › e2e/editor-stage.test.ts:457:7 › T055 375px Minimal Auto (system) exercises reachable Editor-stage journeys 

    Error: browserType.launch: Executable doesn't exist at /Users/ok/Library/Caches/ms-playwright/chromium_headless_shell-1228/chrome-headless-shell-mac-arm64/chrome-headless-shell
    ╔════════════════════════════════════════════════════════════╗
    ║ Looks like Playwright was just installed or updated.       ║
    ║ Please run the following command to download new browsers: ║
    ║                                                            ║
    ║     npx playwright install                                 ║
    ║                                                            ║
    ║ <3 Playwright Team                                         ║
    ╚════════════════════════════════════════════════════════════╝

    Error Context: test-results/e2e-editor-stage-T055-375p-c78ed-hable-Editor-stage-journeys-chromium/error-context.md

  117) [chromium] › e2e/editor-stage.test.ts:457:7 › T055 375px Minimal Light exercises reachable Editor-stage journeys 

    Error: browserType.launch: Executable doesn't exist at /Users/ok/Library/Caches/ms-playwright/chromium_headless_shell-1228/chrome-headless-shell-mac-arm64/chrome-headless-shell
    ╔════════════════════════════════════════════════════════════╗
    ║ Looks like Playwright was just installed or updated.       ║
    ║ Please run the following command to download new browsers: ║
    ║                                                            ║
    ║     npx playwright install                                 ║
    ║                                                            ║
    ║ <3 Playwright Team                                         ║
    ╚════════════════════════════════════════════════════════════╝

    Error Context: test-results/e2e-editor-stage-T055-375p-2e89d-hable-Editor-stage-journeys-chromium/error-context.md

  118) [chromium] › e2e/editor-stage.test.ts:457:7 › T055 375px Minimal Dark exercises reachable Editor-stage journeys 

    Error: browserType.launch: Executable doesn't exist at /Users/ok/Library/Caches/ms-playwright/chromium_headless_shell-1228/chrome-headless-shell-mac-arm64/chrome-headless-shell
    ╔════════════════════════════════════════════════════════════╗
    ║ Looks like Playwright was just installed or updated.       ║
    ║ Please run the following command to download new browsers: ║
    ║                                                            ║
    ║     npx playwright install                                 ║
    ║                                                            ║
    ║ <3 Playwright Team                                         ║
    ╚════════════════════════════════════════════════════════════╝

    Error Context: test-results/e2e-editor-stage-T055-375p-60164-hable-Editor-stage-journeys-chromium/error-context.md

  119) [chromium] › e2e/interactive-states.test.ts:39:3 › T076 the File menu trigger lights up under the pointer 

    Error: browserType.launch: Executable doesn't exist at /Users/ok/Library/Caches/ms-playwright/chromium_headless_shell-1228/chrome-headless-shell-mac-arm64/chrome-headless-shell
    ╔════════════════════════════════════════════════════════════╗
    ║ Looks like Playwright was just installed or updated.       ║
    ║ Please run the following command to download new browsers: ║
    ║                                                            ║
    ║     npx playwright install                                 ║
    ║                                                            ║
    ║ <3 Playwright Team                                         ║
    ╚════════════════════════════════════════════════════════════╝

    Error Context: test-results/e2e-interactive-states-T07-128aa-lights-up-under-the-pointer-chromium/error-context.md

  120) [chromium] › e2e/interactive-states.test.ts:60:3 › T076 the File menu trigger shows a visible focus ring 

    Error: browserType.launch: Executable doesn't exist at /Users/ok/Library/Caches/ms-playwright/chromium_headless_shell-1228/chrome-headless-shell-mac-arm64/chrome-headless-shell
    ╔════════════════════════════════════════════════════════════╗
    ║ Looks like Playwright was just installed or updated.       ║
    ║ Please run the following command to download new browsers: ║
    ║                                                            ║
    ║     npx playwright install                                 ║
    ║                                                            ║
    ║ <3 Playwright Team                                         ║
    ╚════════════════════════════════════════════════════════════╝

    Error Context: test-results/e2e-interactive-states-T07-993ab--shows-a-visible-focus-ring-chromium/error-context.md

  121) [chromium] › e2e/interactive-states.test.ts:39:3 › T076 the Settings menu trigger lights up under the pointer 

    Error: browserType.launch: Executable doesn't exist at /Users/ok/Library/Caches/ms-playwright/chromium_headless_shell-1228/chrome-headless-shell-mac-arm64/chrome-headless-shell
    ╔════════════════════════════════════════════════════════════╗
    ║ Looks like Playwright was just installed or updated.       ║
    ║ Please run the following command to download new browsers: ║
    ║                                                            ║
    ║     npx playwright install                                 ║
    ║                                                            ║
    ║ <3 Playwright Team                                         ║
    ╚════════════════════════════════════════════════════════════╝

    Error Context: test-results/e2e-interactive-states-T07-98ccb-lights-up-under-the-pointer-chromium/error-context.md

  122) [chromium] › e2e/interactive-states.test.ts:60:3 › T076 the Settings menu trigger shows a visible focus ring 

    Error: browserType.launch: Executable doesn't exist at /Users/ok/Library/Caches/ms-playwright/chromium_headless_shell-1228/chrome-headless-shell-mac-arm64/chrome-headless-shell
    ╔════════════════════════════════════════════════════════════╗
    ║ Looks like Playwright was just installed or updated.       ║
    ║ Please run the following command to download new browsers: ║
    ║                                                            ║
    ║     npx playwright install                                 ║
    ║                                                            ║
    ║ <3 Playwright Team                                         ║
    ╚════════════════════════════════════════════════════════════╝

    Error Context: test-results/e2e-interactive-states-T07-241d0--shows-a-visible-focus-ring-chromium/error-context.md

  123) [chromium] › e2e/interactive-states.test.ts:39:3 › T076 the View menu trigger lights up under the pointer 

    Error: browserType.launch: Executable doesn't exist at /Users/ok/Library/Caches/ms-playwright/chromium_headless_shell-1228/chrome-headless-shell-mac-arm64/chrome-headless-shell
    ╔════════════════════════════════════════════════════════════╗
    ║ Looks like Playwright was just installed or updated.       ║
    ║ Please run the following command to download new browsers: ║
    ║                                                            ║
    ║     npx playwright install                                 ║
    ║                                                            ║
    ║ <3 Playwright Team                                         ║
    ╚════════════════════════════════════════════════════════════╝

    Error Context: test-results/e2e-interactive-states-T07-95b04-lights-up-under-the-pointer-chromium/error-context.md

  124) [chromium] › e2e/interactive-states.test.ts:60:3 › T076 the View menu trigger shows a visible focus ring 

    Error: browserType.launch: Executable doesn't exist at /Users/ok/Library/Caches/ms-playwright/chromium_headless_shell-1228/chrome-headless-shell-mac-arm64/chrome-headless-shell
    ╔════════════════════════════════════════════════════════════╗
    ║ Looks like Playwright was just installed or updated.       ║
    ║ Please run the following command to download new browsers: ║
    ║                                                            ║
    ║     npx playwright install                                 ║
    ║                                                            ║
    ║ <3 Playwright Team                                         ║
    ╚════════════════════════════════════════════════════════════╝

    Error Context: test-results/e2e-interactive-states-T07-49809--shows-a-visible-focus-ring-chromium/error-context.md

  125) [chromium] › e2e/interactive-states.test.ts:39:3 › T076 the About menu trigger lights up under the pointer 

    Error: browserType.launch: Executable doesn't exist at /Users/ok/Library/Caches/ms-playwright/chromium_headless_shell-1228/chrome-headless-shell-mac-arm64/chrome-headless-shell
    ╔════════════════════════════════════════════════════════════╗
    ║ Looks like Playwright was just installed or updated.       ║
    ║ Please run the following command to download new browsers: ║
    ║                                                            ║
    ║     npx playwright install                                 ║
    ║                                                            ║
    ║ <3 Playwright Team                                         ║
    ╚════════════════════════════════════════════════════════════╝

    Error Context: test-results/e2e-interactive-states-T07-86d60-lights-up-under-the-pointer-chromium/error-context.md

  126) [chromium] › e2e/interactive-states.test.ts:60:3 › T076 the About menu trigger shows a visible focus ring 

    Error: browserType.launch: Executable doesn't exist at /Users/ok/Library/Caches/ms-playwright/chromium_headless_shell-1228/chrome-headless-shell-mac-arm64/chrome-headless-shell
    ╔════════════════════════════════════════════════════════════╗
    ║ Looks like Playwright was just installed or updated.       ║
    ║ Please run the following command to download new browsers: ║
    ║                                                            ║
    ║     npx playwright install                                 ║
    ║                                                            ║
    ║ <3 Playwright Team                                         ║
    ╚════════════════════════════════════════════════════════════╝

    Error Context: test-results/e2e-interactive-states-T07-53ee7--shows-a-visible-focus-ring-chromium/error-context.md

  127) [chromium] › e2e/interactive-states.test.ts:85:1 › T076 an open menu trigger is drawn as open 

    Error: browserType.launch: Executable doesn't exist at /Users/ok/Library/Caches/ms-playwright/chromium_headless_shell-1228/chrome-headless-shell-mac-arm64/chrome-headless-shell
    ╔════════════════════════════════════════════════════════════╗
    ║ Looks like Playwright was just installed or updated.       ║
    ║ Please run the following command to download new browsers: ║
    ║                                                            ║
    ║     npx playwright install                                 ║
    ║                                                            ║
    ║ <3 Playwright Team                                         ║
    ╚════════════════════════════════════════════════════════════╝

    Error Context: test-results/e2e-interactive-states-T07-ffc84-nu-trigger-is-drawn-as-open-chromium/error-context.md

  128) [chromium] › e2e/interactive-states.test.ts:106:1 › T076 holds the arrangement segment at the toolbar trailing edge 

    Error: browserType.launch: Executable doesn't exist at /Users/ok/Library/Caches/ms-playwright/chromium_headless_shell-1228/chrome-headless-shell-mac-arm64/chrome-headless-shell
    ╔════════════════════════════════════════════════════════════╗
    ║ Looks like Playwright was just installed or updated.       ║
    ║ Please run the following command to download new browsers: ║
    ║                                                            ║
    ║     npx playwright install                                 ║
    ║                                                            ║
    ║ <3 Playwright Team                                         ║
    ╚════════════════════════════════════════════════════════════╝

    Error Context: test-results/e2e-interactive-states-T07-de975-t-the-toolbar-trailing-edge-chromium/error-context.md

  129) [chromium] › e2e/interactive-states.test.ts:146:1 › T076 keeps every arrangement option reachable and exactly one checked 

    Error: browserType.launch: Executable doesn't exist at /Users/ok/Library/Caches/ms-playwright/chromium_headless_shell-1228/chrome-headless-shell-mac-arm64/chrome-headless-shell
    ╔════════════════════════════════════════════════════════════╗
    ║ Looks like Playwright was just installed or updated.       ║
    ║ Please run the following command to download new browsers: ║
    ║                                                            ║
    ║     npx playwright install                                 ║
    ║                                                            ║
    ║ <3 Playwright Team                                         ║
    ╚════════════════════════════════════════════════════════════╝

    Error Context: test-results/e2e-interactive-states-T07-2f9f8-ble-and-exactly-one-checked-chromium/error-context.md

  130) [chromium] › e2e/launcher-binding.test.ts:51:1 › T057 draws the launcher frame and block from the binding 

    Error: browserType.launch: Executable doesn't exist at /Users/ok/Library/Caches/ms-playwright/chromium_headless_shell-1228/chrome-headless-shell-mac-arm64/chrome-headless-shell
    ╔════════════════════════════════════════════════════════════╗
    ║ Looks like Playwright was just installed or updated.       ║
    ║ Please run the following command to download new browsers: ║
    ║                                                            ║
    ║     npx playwright install                                 ║
    ║                                                            ║
    ║ <3 Playwright Team                                         ║
    ╚════════════════════════════════════════════════════════════╝

    Error Context: test-results/e2e-launcher-binding-T057--b63c9--and-block-from-the-binding-chromium/error-context.md

  131) [chromium] › e2e/launcher-binding.test.ts:79:1 › T057 draws the launcher type scale from the binding 

    Error: browserType.launch: Executable doesn't exist at /Users/ok/Library/Caches/ms-playwright/chromium_headless_shell-1228/chrome-headless-shell-mac-arm64/chrome-headless-shell
    ╔════════════════════════════════════════════════════════════╗
    ║ Looks like Playwright was just installed or updated.       ║
    ║ Please run the following command to download new browsers: ║
    ║                                                            ║
    ║     npx playwright install                                 ║
    ║                                                            ║
    ║ <3 Playwright Team                                         ║
    ╚════════════════════════════════════════════════════════════╝

    Error Context: test-results/e2e-launcher-binding-T057--d8ced-type-scale-from-the-binding-chromium/error-context.md

  132) [chromium] › e2e/launcher-binding.test.ts:109:1 › T057 draws the launcher actions from the binding 

    Error: browserType.launch: Executable doesn't exist at /Users/ok/Library/Caches/ms-playwright/chromium_headless_shell-1228/chrome-headless-shell-mac-arm64/chrome-headless-shell
    ╔════════════════════════════════════════════════════════════╗
    ║ Looks like Playwright was just installed or updated.       ║
    ║ Please run the following command to download new browsers: ║
    ║                                                            ║
    ║     npx playwright install                                 ║
    ║                                                            ║
    ║ <3 Playwright Team                                         ║
    ╚════════════════════════════════════════════════════════════╝

    Error Context: test-results/e2e-launcher-binding-T057--3e7bb-er-actions-from-the-binding-chromium/error-context.md

  133) [chromium] › e2e/launcher-binding.test.ts:152:1 › T057 draws the launcher recents list from the binding 

    Error: browserType.launch: Executable doesn't exist at /Users/ok/Library/Caches/ms-playwright/chromium_headless_shell-1228/chrome-headless-shell-mac-arm64/chrome-headless-shell
    ╔════════════════════════════════════════════════════════════╗
    ║ Looks like Playwright was just installed or updated.       ║
    ║ Please run the following command to download new browsers: ║
    ║                                                            ║
    ║     npx playwright install                                 ║
    ║                                                            ║
    ║ <3 Playwright Team                                         ║
    ╚════════════════════════════════════════════════════════════╝

    Error Context: test-results/e2e-launcher-binding-T057--e073c-cents-list-from-the-binding-chromium/error-context.md

  134) [chromium] › e2e/narrow-width.test.ts:218:1 › T084 375px reaches every relocated toolbar action through the overflow menu 

    Error: browserType.launch: Executable doesn't exist at /Users/ok/Library/Caches/ms-playwright/chromium_headless_shell-1228/chrome-headless-shell-mac-arm64/chrome-headless-shell
    ╔════════════════════════════════════════════════════════════╗
    ║ Looks like Playwright was just installed or updated.       ║
    ║ Please run the following command to download new browsers: ║
    ║                                                            ║
    ║     npx playwright install                                 ║
    ║                                                            ║
    ║ <3 Playwright Team                                         ║
    ╚════════════════════════════════════════════════════════════╝

    Error Context: test-results/e2e-narrow-width-T084-375p-e3ef5-n-through-the-overflow-menu-chromium/error-context.md

  135) [chromium] › e2e/narrow-width.test.ts:276:1 › T084 768px relocates exactly the list and insert groups to the overflow menu 

    Error: browserType.launch: Executable doesn't exist at /Users/ok/Library/Caches/ms-playwright/chromium_headless_shell-1228/chrome-headless-shell-mac-arm64/chrome-headless-shell
    ╔════════════════════════════════════════════════════════════╗
    ║ Looks like Playwright was just installed or updated.       ║
    ║ Please run the following command to download new browsers: ║
    ║                                                            ║
    ║     npx playwright install                                 ║
    ║                                                            ║
    ║ <3 Playwright Team                                         ║
    ╚════════════════════════════════════════════════════════════╝

    Error Context: test-results/e2e-narrow-width-T084-768p-91e9c-groups-to-the-overflow-menu-chromium/error-context.md

  136) [chromium] › e2e/narrow-width.test.ts:370:5 › T084 768px keeps the menu row on one unwrapped line 

    Error: browserType.launch: Executable doesn't exist at /Users/ok/Library/Caches/ms-playwright/chromium_headless_shell-1228/chrome-headless-shell-mac-arm64/chrome-headless-shell
    ╔════════════════════════════════════════════════════════════╗
    ║ Looks like Playwright was just installed or updated.       ║
    ║ Please run the following command to download new browsers: ║
    ║                                                            ║
    ║     npx playwright install                                 ║
    ║                                                            ║
    ║ <3 Playwright Team                                         ║
    ╚════════════════════════════════════════════════════════════╝

    Error Context: test-results/e2e-narrow-width-T084-768p-f3ada-u-row-on-one-unwrapped-line-chromium/error-context.md

  137) [chromium] › e2e/narrow-width.test.ts:370:5 › T084 768px keeps the tab strip on one unwrapped line 

    Error: browserType.launch: Executable doesn't exist at /Users/ok/Library/Caches/ms-playwright/chromium_headless_shell-1228/chrome-headless-shell-mac-arm64/chrome-headless-shell
    ╔════════════════════════════════════════════════════════════╗
    ║ Looks like Playwright was just installed or updated.       ║
    ║ Please run the following command to download new browsers: ║
    ║                                                            ║
    ║     npx playwright install                                 ║
    ║                                                            ║
    ║ <3 Playwright Team                                         ║
    ╚════════════════════════════════════════════════════════════╝

    Error Context: test-results/e2e-narrow-width-T084-768p-85b62-strip-on-one-unwrapped-line-chromium/error-context.md

  138) [chromium] › e2e/narrow-width.test.ts:370:5 › T084 768px keeps the toolbar on one unwrapped line 

    Error: browserType.launch: Executable doesn't exist at /Users/ok/Library/Caches/ms-playwright/chromium_headless_shell-1228/chrome-headless-shell-mac-arm64/chrome-headless-shell
    ╔════════════════════════════════════════════════════════════╗
    ║ Looks like Playwright was just installed or updated.       ║
    ║ Please run the following command to download new browsers: ║
    ║                                                            ║
    ║     npx playwright install                                 ║
    ║                                                            ║
    ║ <3 Playwright Team                                         ║
    ╚════════════════════════════════════════════════════════════╝

    Error Context: test-results/e2e-narrow-width-T084-768p-96050-olbar-on-one-unwrapped-line-chromium/error-context.md

  139) [chromium] › e2e/narrow-width.test.ts:370:5 › T084 768px keeps the status row on one unwrapped line 

    Error: browserType.launch: Executable doesn't exist at /Users/ok/Library/Caches/ms-playwright/chromium_headless_shell-1228/chrome-headless-shell-mac-arm64/chrome-headless-shell
    ╔════════════════════════════════════════════════════════════╗
    ║ Looks like Playwright was just installed or updated.       ║
    ║ Please run the following command to download new browsers: ║
    ║                                                            ║
    ║     npx playwright install                                 ║
    ║                                                            ║
    ║ <3 Playwright Team                                         ║
    ╚════════════════════════════════════════════════════════════╝

    Error Context: test-results/e2e-narrow-width-T084-768p-0911d-s-row-on-one-unwrapped-line-chromium/error-context.md

  140) [chromium] › e2e/narrow-width.test.ts:445:3 › T084 768px keeps every status item unwrapped in the binding drop order 

    Error: browserType.launch: Executable doesn't exist at /Users/ok/Library/Caches/ms-playwright/chromium_headless_shell-1228/chrome-headless-shell-mac-arm64/chrome-headless-shell
    ╔════════════════════════════════════════════════════════════╗
    ║ Looks like Playwright was just installed or updated.       ║
    ║ Please run the following command to download new browsers: ║
    ║                                                            ║
    ║     npx playwright install                                 ║
    ║                                                            ║
    ║ <3 Playwright Team                                         ║
    ╚════════════════════════════════════════════════════════════╝

    Error Context: test-results/e2e-narrow-width-T084-768p-c0100-d-in-the-binding-drop-order-chromium/error-context.md

  141) [chromium] › e2e/narrow-width.test.ts:370:5 › T084 375px keeps the menu row on one unwrapped line 

    Error: browserType.launch: Executable doesn't exist at /Users/ok/Library/Caches/ms-playwright/chromium_headless_shell-1228/chrome-headless-shell-mac-arm64/chrome-headless-shell
    ╔════════════════════════════════════════════════════════════╗
    ║ Looks like Playwright was just installed or updated.       ║
    ║ Please run the following command to download new browsers: ║
    ║                                                            ║
    ║     npx playwright install                                 ║
    ║                                                            ║
    ║ <3 Playwright Team                                         ║
    ╚════════════════════════════════════════════════════════════╝

    Error Context: test-results/e2e-narrow-width-T084-375p-d0a44-u-row-on-one-unwrapped-line-chromium/error-context.md

  142) [chromium] › e2e/narrow-width.test.ts:370:5 › T084 375px keeps the tab strip on one unwrapped line 

    Error: browserType.launch: Executable doesn't exist at /Users/ok/Library/Caches/ms-playwright/chromium_headless_shell-1228/chrome-headless-shell-mac-arm64/chrome-headless-shell
    ╔════════════════════════════════════════════════════════════╗
    ║ Looks like Playwright was just installed or updated.       ║
    ║ Please run the following command to download new browsers: ║
    ║                                                            ║
    ║     npx playwright install                                 ║
    ║                                                            ║
    ║ <3 Playwright Team                                         ║
    ╚════════════════════════════════════════════════════════════╝

    Error Context: test-results/e2e-narrow-width-T084-375p-2aeb0-strip-on-one-unwrapped-line-chromium/error-context.md

  143) [chromium] › e2e/narrow-width.test.ts:370:5 › T084 375px keeps the toolbar on one unwrapped line 

    Error: browserType.launch: Executable doesn't exist at /Users/ok/Library/Caches/ms-playwright/chromium_headless_shell-1228/chrome-headless-shell-mac-arm64/chrome-headless-shell
    ╔════════════════════════════════════════════════════════════╗
    ║ Looks like Playwright was just installed or updated.       ║
    ║ Please run the following command to download new browsers: ║
    ║                                                            ║
    ║     npx playwright install                                 ║
    ║                                                            ║
    ║ <3 Playwright Team                                         ║
    ╚════════════════════════════════════════════════════════════╝

    Error Context: test-results/e2e-narrow-width-T084-375p-fc382-olbar-on-one-unwrapped-line-chromium/error-context.md

  144) [chromium] › e2e/narrow-width.test.ts:370:5 › T084 375px keeps the status row on one unwrapped line 

    Error: browserType.launch: Executable doesn't exist at /Users/ok/Library/Caches/ms-playwright/chromium_headless_shell-1228/chrome-headless-shell-mac-arm64/chrome-headless-shell
    ╔════════════════════════════════════════════════════════════╗
    ║ Looks like Playwright was just installed or updated.       ║
    ║ Please run the following command to download new browsers: ║
    ║                                                            ║
    ║     npx playwright install                                 ║
    ║                                                            ║
    ║ <3 Playwright Team                                         ║
    ╚════════════════════════════════════════════════════════════╝

    Error Context: test-results/e2e-narrow-width-T084-375p-c89a9-s-row-on-one-unwrapped-line-chromium/error-context.md

  145) [chromium] › e2e/narrow-width.test.ts:445:3 › T084 375px keeps every status item unwrapped in the binding drop order 

    Error: browserType.launch: Executable doesn't exist at /Users/ok/Library/Caches/ms-playwright/chromium_headless_shell-1228/chrome-headless-shell-mac-arm64/chrome-headless-shell
    ╔════════════════════════════════════════════════════════════╗
    ║ Looks like Playwright was just installed or updated.       ║
    ║ Please run the following command to download new browsers: ║
    ║                                                            ║
    ║     npx playwright install                                 ║
    ║                                                            ║
    ║ <3 Playwright Team                                         ║
    ╚════════════════════════════════════════════════════════════╝

    Error Context: test-results/e2e-narrow-width-T084-375p-87296-d-in-the-binding-drop-order-chromium/error-context.md

  146) [chromium] › e2e/narrow-width.test.ts:503:1 › T084 768px keeps the close prompt reachable, contained and answerable 

    Error: browserType.launch: Executable doesn't exist at /Users/ok/Library/Caches/ms-playwright/chromium_headless_shell-1228/chrome-headless-shell-mac-arm64/chrome-headless-shell
    ╔════════════════════════════════════════════════════════════╗
    ║ Looks like Playwright was just installed or updated.       ║
    ║ Please run the following command to download new browsers: ║
    ║                                                            ║
    ║     npx playwright install                                 ║
    ║                                                            ║
    ║ <3 Playwright Team                                         ║
    ╚════════════════════════════════════════════════════════════╝

    Error Context: test-results/e2e-narrow-width-T084-768p-6ea26-le-contained-and-answerable-chromium/error-context.md

  147) [chromium] › e2e/narrow-width.test.ts:551:1 › T084 768px keeps the external-change prompt reachable, contained and answerable 

    Error: browserType.launch: Executable doesn't exist at /Users/ok/Library/Caches/ms-playwright/chromium_headless_shell-1228/chrome-headless-shell-mac-arm64/chrome-headless-shell
    ╔════════════════════════════════════════════════════════════╗
    ║ Looks like Playwright was just installed or updated.       ║
    ║ Please run the following command to download new browsers: ║
    ║                                                            ║
    ║     npx playwright install                                 ║
    ║                                                            ║
    ║ <3 Playwright Team                                         ║
    ╚════════════════════════════════════════════════════════════╝

    Error Context: test-results/e2e-narrow-width-T084-768p-1aad3-le-contained-and-answerable-chromium/error-context.md

  148) [chromium] › e2e/narrow-width.test.ts:587:1 › T084 768px keeps the normalization prompt reachable, contained and answerable 

    Error: browserType.launch: Executable doesn't exist at /Users/ok/Library/Caches/ms-playwright/chromium_headless_shell-1228/chrome-headless-shell-mac-arm64/chrome-headless-shell
    ╔════════════════════════════════════════════════════════════╗
    ║ Looks like Playwright was just installed or updated.       ║
    ║ Please run the following command to download new browsers: ║
    ║                                                            ║
    ║     npx playwright install                                 ║
    ║                                                            ║
    ║ <3 Playwright Team                                         ║
    ╚════════════════════════════════════════════════════════════╝

    Error Context: test-results/e2e-narrow-width-T084-768p-6ec4a-le-contained-and-answerable-chromium/error-context.md

  149) [chromium] › e2e/narrow-width.test.ts:636:1 › T084 768px renders, contains and operates the real launcher 

    Error: browserType.launch: Executable doesn't exist at /Users/ok/Library/Caches/ms-playwright/chromium_headless_shell-1228/chrome-headless-shell-mac-arm64/chrome-headless-shell
    ╔════════════════════════════════════════════════════════════╗
    ║ Looks like Playwright was just installed or updated.       ║
    ║ Please run the following command to download new browsers: ║
    ║                                                            ║
    ║     npx playwright install                                 ║
    ║                                                            ║
    ║ <3 Playwright Team                                         ║
    ╚════════════════════════════════════════════════════════════╝

    Error Context: test-results/e2e-narrow-width-T084-768p-2a8fe--operates-the-real-launcher-chromium/error-context.md

  150) [chromium] › e2e/narrow-width.test.ts:699:3 › T084 768px switches to Preview through the View menu and fills the region 

    Error: browserType.launch: Executable doesn't exist at /Users/ok/Library/Caches/ms-playwright/chromium_headless_shell-1228/chrome-headless-shell-mac-arm64/chrome-headless-shell
    ╔════════════════════════════════════════════════════════════╗
    ║ Looks like Playwright was just installed or updated.       ║
    ║ Please run the following command to download new browsers: ║
    ║                                                            ║
    ║     npx playwright install                                 ║
    ║                                                            ║
    ║ <3 Playwright Team                                         ║
    ╚════════════════════════════════════════════════════════════╝

    Error Context: test-results/e2e-narrow-width-T084-768p-d0eb1-w-menu-and-fills-the-region-chromium/error-context.md

  151) [chromium] › e2e/narrow-width.test.ts:758:3 › T084 768px keeps the paused preview refresh control reachable 

    Error: browserType.launch: Executable doesn't exist at /Users/ok/Library/Caches/ms-playwright/chromium_headless_shell-1228/chrome-headless-shell-mac-arm64/chrome-headless-shell
    ╔════════════════════════════════════════════════════════════╗
    ║ Looks like Playwright was just installed or updated.       ║
    ║ Please run the following command to download new browsers: ║
    ║                                                            ║
    ║     npx playwright install                                 ║
    ║                                                            ║
    ║ <3 Playwright Team                                         ║
    ╚════════════════════════════════════════════════════════════╝

    Error Context: test-results/e2e-narrow-width-T084-768p-2b14c-w-refresh-control-reachable-chromium/error-context.md

  152) [chromium] › e2e/narrow-width.test.ts:699:3 › T084 375px switches to Preview through the View menu and fills the region 

    Error: browserType.launch: Executable doesn't exist at /Users/ok/Library/Caches/ms-playwright/chromium_headless_shell-1228/chrome-headless-shell-mac-arm64/chrome-headless-shell
    ╔════════════════════════════════════════════════════════════╗
    ║ Looks like Playwright was just installed or updated.       ║
    ║ Please run the following command to download new browsers: ║
    ║                                                            ║
    ║     npx playwright install                                 ║
    ║                                                            ║
    ║ <3 Playwright Team                                         ║
    ╚════════════════════════════════════════════════════════════╝

    Error Context: test-results/e2e-narrow-width-T084-375p-30abc-w-menu-and-fills-the-region-chromium/error-context.md

  153) [chromium] › e2e/narrow-width.test.ts:758:3 › T084 375px keeps the paused preview refresh control reachable 

    Error: browserType.launch: Executable doesn't exist at /Users/ok/Library/Caches/ms-playwright/chromium_headless_shell-1228/chrome-headless-shell-mac-arm64/chrome-headless-shell
    ╔════════════════════════════════════════════════════════════╗
    ║ Looks like Playwright was just installed or updated.       ║
    ║ Please run the following command to download new browsers: ║
    ║                                                            ║
    ║     npx playwright install                                 ║
    ║                                                            ║
    ║ <3 Playwright Team                                         ║
    ╚════════════════════════════════════════════════════════════╝

    Error Context: test-results/e2e-narrow-width-T084-375p-fd04d-w-refresh-control-reachable-chromium/error-context.md

  154) [chromium] › e2e/offline-and-controls.test.ts:73:1 › FR-FT-048 makes no outbound request across five continuous minutes of a live application 

    Error: browserType.launch: Executable doesn't exist at /Users/ok/Library/Caches/ms-playwright/chromium_headless_shell-1228/chrome-headless-shell-mac-arm64/chrome-headless-shell
    ╔════════════════════════════════════════════════════════════╗
    ║ Looks like Playwright was just installed or updated.       ║
    ║ Please run the following command to download new browsers: ║
    ║                                                            ║
    ║     npx playwright install                                 ║
    ║                                                            ║
    ║ <3 Playwright Team                                         ║
    ╚════════════════════════════════════════════════════════════╝

    Error Context: test-results/e2e-offline-and-controls-F-17f1b-nutes-of-a-live-application-chromium/error-context.md

  155) [chromium] › e2e/offline-and-controls.test.ts:194:1 › FR-FT-049 keeps every deferred surface unavailable rather than absent or working 

    Error: browserType.launch: Executable doesn't exist at /Users/ok/Library/Caches/ms-playwright/chromium_headless_shell-1228/chrome-headless-shell-mac-arm64/chrome-headless-shell
    ╔════════════════════════════════════════════════════════════╗
    ║ Looks like Playwright was just installed or updated.       ║
    ║ Please run the following command to download new browsers: ║
    ║                                                            ║
    ║     npx playwright install                                 ║
    ║                                                            ║
    ║ <3 Playwright Team                                         ║
    ╚════════════════════════════════════════════════════════════╝

    Error Context: test-results/e2e-offline-and-controls-F-33e06-ther-than-absent-or-working-chromium/error-context.md

  156) [chromium] › e2e/offline-and-controls.test.ts:299:1 › T189 renders no custom native frame and no deferred rich-rendering surface 

    Error: browserType.launch: Executable doesn't exist at /Users/ok/Library/Caches/ms-playwright/chromium_headless_shell-1228/chrome-headless-shell-mac-arm64/chrome-headless-shell
    ╔════════════════════════════════════════════════════════════╗
    ║ Looks like Playwright was just installed or updated.       ║
    ║ Please run the following command to download new browsers: ║
    ║                                                            ║
    ║     npx playwright install                                 ║
    ║                                                            ║
    ║ <3 Playwright Team                                         ║
    ╚════════════════════════════════════════════════════════════╝

    Error Context: test-results/e2e-offline-and-controls-T-9ba7c-rred-rich-rendering-surface-chromium/error-context.md

  157) [chromium] › e2e/real-files-and-tabs.test.ts:5:1 › FT-VS-01 operates New/Open from the real File menu and keeps the shell usable 

    Error: browserType.launch: Executable doesn't exist at /Users/ok/Library/Caches/ms-playwright/chromium_headless_shell-1228/chrome-headless-shell-mac-arm64/chrome-headless-shell
    ╔════════════════════════════════════════════════════════════╗
    ║ Looks like Playwright was just installed or updated.       ║
    ║ Please run the following command to download new browsers: ║
    ║                                                            ║
    ║     npx playwright install                                 ║
    ║                                                            ║
    ║ <3 Playwright Team                                         ║
    ╚════════════════════════════════════════════════════════════╝

    Error Context: test-results/e2e-real-files-and-tabs-FT-51ab6--and-keeps-the-shell-usable-chromium/error-context.md

  158) [chromium] › e2e/real-files-and-tabs.test.ts:30:1 › FT-VS-02 flushes the latest edit and reports one explicit Save confirmation 

    Error: browserType.launch: Executable doesn't exist at /Users/ok/Library/Caches/ms-playwright/chromium_headless_shell-1228/chrome-headless-shell-mac-arm64/chrome-headless-shell
    ╔════════════════════════════════════════════════════════════╗
    ║ Looks like Playwright was just installed or updated.       ║
    ║ Please run the following command to download new browsers: ║
    ║                                                            ║
    ║     npx playwright install                                 ║
    ║                                                            ║
    ║ <3 Playwright Team                                         ║
    ╚════════════════════════════════════════════════════════════╝

    Error Context: test-results/e2e-real-files-and-tabs-FT-80017--explicit-Save-confirmation-chromium/error-context.md

  159) [chromium] › e2e/real-files-and-tabs.test.ts:60:1 › FT-VS-03 exposes real tabs, backend-confirmed menu moves, and exact navigation 

    Error: browserType.launch: Executable doesn't exist at /Users/ok/Library/Caches/ms-playwright/chromium_headless_shell-1228/chrome-headless-shell-mac-arm64/chrome-headless-shell
    ╔════════════════════════════════════════════════════════════╗
    ║ Looks like Playwright was just installed or updated.       ║
    ║ Please run the following command to download new browsers: ║
    ║                                                            ║
    ║     npx playwright install                                 ║
    ║                                                            ║
    ║ <3 Playwright Team                                         ║
    ╚════════════════════════════════════════════════════════════╝

    Error Context: test-results/e2e-real-files-and-tabs-FT-bfe91--moves-and-exact-navigation-chromium/error-context.md

  160) [chromium] › e2e/real-files-and-tabs.test.ts:107:1 › FR-FT-037 offers both actionable Reveal remediations, paints them, and runs each 

    Error: browserType.launch: Executable doesn't exist at /Users/ok/Library/Caches/ms-playwright/chromium_headless_shell-1228/chrome-headless-shell-mac-arm64/chrome-headless-shell
    ╔════════════════════════════════════════════════════════════╗
    ║ Looks like Playwright was just installed or updated.       ║
    ║ Please run the following command to download new browsers: ║
    ║                                                            ║
    ║     npx playwright install                                 ║
    ║                                                            ║
    ║ <3 Playwright Team                                         ║
    ╚════════════════════════════════════════════════════════════╝

    Error Context: test-results/e2e-real-files-and-tabs-FR-5092b-s-paints-them-and-runs-each-chromium/error-context.md

  161) [chromium] › e2e/real-files-and-tabs.test.ts:196:1 › FR-FT-015 offers Retry on a refused Save and re-issues the write 

    Error: browserType.launch: Executable doesn't exist at /Users/ok/Library/Caches/ms-playwright/chromium_headless_shell-1228/chrome-headless-shell-mac-arm64/chrome-headless-shell
    ╔════════════════════════════════════════════════════════════╗
    ║ Looks like Playwright was just installed or updated.       ║
    ║ Please run the following command to download new browsers: ║
    ║                                                            ║
    ║     npx playwright install                                 ║
    ║                                                            ║
    ║ <3 Playwright Team                                         ║
    ╚════════════════════════════════════════════════════════════╝

    Error Context: test-results/e2e-real-files-and-tabs-FR-c4b06-ave-and-re-issues-the-write-chromium/error-context.md

  162) [chromium] › e2e/real-files-and-tabs.test.ts:255:1 › FT-VS-04 shows the bounded external-change prompt and safe Skip decision 

    Error: browserType.launch: Executable doesn't exist at /Users/ok/Library/Caches/ms-playwright/chromium_headless_shell-1228/chrome-headless-shell-mac-arm64/chrome-headless-shell
    ╔════════════════════════════════════════════════════════════╗
    ║ Looks like Playwright was just installed or updated.       ║
    ║ Please run the following command to download new browsers: ║
    ║                                                            ║
    ║     npx playwright install                                 ║
    ║                                                            ║
    ║ <3 Playwright Team                                         ║
    ╚════════════════════════════════════════════════════════════╝

    Error Context: test-results/e2e-real-files-and-tabs-FT-b7152-ompt-and-safe-Skip-decision-chromium/error-context.md

  163) [chromium] › e2e/real-files-and-tabs.test.ts:291:1 › FT-VS-05 exposes acknowledged autosave control and truthful save status wiring 

    Error: browserType.launch: Executable doesn't exist at /Users/ok/Library/Caches/ms-playwright/chromium_headless_shell-1228/chrome-headless-shell-mac-arm64/chrome-headless-shell
    ╔════════════════════════════════════════════════════════════╗
    ║ Looks like Playwright was just installed or updated.       ║
    ║ Please run the following command to download new browsers: ║
    ║                                                            ║
    ║     npx playwright install                                 ║
    ║                                                            ║
    ║ <3 Playwright Team                                         ║
    ╚════════════════════════════════════════════════════════════╝

    Error Context: test-results/e2e-real-files-and-tabs-FT-c1ec7-truthful-save-status-wiring-chromium/error-context.md

  164) [chromium] › e2e/real-files-and-tabs.test.ts:333:1 › FT-VS-06 close plan gathers a complete choice before any tab removal 

    Error: browserType.launch: Executable doesn't exist at /Users/ok/Library/Caches/ms-playwright/chromium_headless_shell-1228/chrome-headless-shell-mac-arm64/chrome-headless-shell
    ╔════════════════════════════════════════════════════════════╗
    ║ Looks like Playwright was just installed or updated.       ║
    ║ Please run the following command to download new browsers: ║
    ║                                                            ║
    ║     npx playwright install                                 ║
    ║                                                            ║
    ║ <3 Playwright Team                                         ║
    ╚════════════════════════════════════════════════════════════╝

    Error Context: test-results/e2e-real-files-and-tabs-FT-f79c2-oice-before-any-tab-removal-chromium/error-context.md

  165) [chromium] › e2e/real-files-and-tabs.test.ts:378:1 › T141 middle-click closes the targeted tab through the same dirty-close prompt 

    Error: browserType.launch: Executable doesn't exist at /Users/ok/Library/Caches/ms-playwright/chromium_headless_shell-1228/chrome-headless-shell-mac-arm64/chrome-headless-shell
    ╔════════════════════════════════════════════════════════════╗
    ║ Looks like Playwright was just installed or updated.       ║
    ║ Please run the following command to download new browsers: ║
    ║                                                            ║
    ║     npx playwright install                                 ║
    ║                                                            ║
    ║ <3 Playwright Team                                         ║
    ╚════════════════════════════════════════════════════════════╝

    Error Context: test-results/e2e-real-files-and-tabs-T1-295a3-the-same-dirty-close-prompt-chromium/error-context.md

  166) [chromium] › e2e/real-files-and-tabs.test.ts:409:1 › T145 exposes every tab as an owned child of the tablist controlling the editor panel 

    Error: browserType.launch: Executable doesn't exist at /Users/ok/Library/Caches/ms-playwright/chromium_headless_shell-1228/chrome-headless-shell-mac-arm64/chrome-headless-shell
    ╔════════════════════════════════════════════════════════════╗
    ║ Looks like Playwright was just installed or updated.       ║
    ║ Please run the following command to download new browsers: ║
    ║                                                            ║
    ║     npx playwright install                                 ║
    ║                                                            ║
    ║ <3 Playwright Team                                         ║
    ╚════════════════════════════════════════════════════════════╝

    Error Context: test-results/e2e-real-files-and-tabs-T1-50238-ontrolling-the-editor-panel-chromium/error-context.md

  167) [chromium] › e2e/real-files-and-tabs.test.ts:462:1 › T153 returns focus to the launcher New control when the last tab closes 

    Error: browserType.launch: Executable doesn't exist at /Users/ok/Library/Caches/ms-playwright/chromium_headless_shell-1228/chrome-headless-shell-mac-arm64/chrome-headless-shell
    ╔════════════════════════════════════════════════════════════╗
    ║ Looks like Playwright was just installed or updated.       ║
    ║ Please run the following command to download new browsers: ║
    ║                                                            ║
    ║     npx playwright install                                 ║
    ║                                                            ║
    ║ <3 Playwright Team                                         ║
    ╚════════════════════════════════════════════════════════════╝

    Error Context: test-results/e2e-real-files-and-tabs-T1-33d22-ol-when-the-last-tab-closes-chromium/error-context.md

  168) [chromium] › e2e/real-files-and-tabs.test.ts:486:1 › T129 reorders the active tab with the Move accelerators and no-ops at the edge 

    Error: browserType.launch: Executable doesn't exist at /Users/ok/Library/Caches/ms-playwright/chromium_headless_shell-1228/chrome-headless-shell-mac-arm64/chrome-headless-shell
    ╔════════════════════════════════════════════════════════════╗
    ║ Looks like Playwright was just installed or updated.       ║
    ║ Please run the following command to download new browsers: ║
    ║                                                            ║
    ║     npx playwright install                                 ║
    ║                                                            ║
    ║ <3 Playwright Team                                         ║
    ╚════════════════════════════════════════════════════════════╝

    Error Context: test-results/e2e-real-files-and-tabs-T1-5517d-tors-and-no-ops-at-the-edge-chromium/error-context.md

  169) [chromium] › e2e/real-files-and-tabs.test.ts:545:1 › T130 paints the drop position during a tab drag and reorders on release 

    Error: browserType.launch: Executable doesn't exist at /Users/ok/Library/Caches/ms-playwright/chromium_headless_shell-1228/chrome-headless-shell-mac-arm64/chrome-headless-shell
    ╔════════════════════════════════════════════════════════════╗
    ║ Looks like Playwright was just installed or updated.       ║
    ║ Please run the following command to download new browsers: ║
    ║                                                            ║
    ║     npx playwright install                                 ║
    ║                                                            ║
    ║ <3 Playwright Team                                         ║
    ╚════════════════════════════════════════════════════════════╝

    Error Context: test-results/e2e-real-files-and-tabs-T1-120b8-rag-and-reorders-on-release-chromium/error-context.md

  170) [chromium] › e2e/real-files-and-tabs.test.ts:602:1 › FT-VS-07 proves recents, reopen, launcher, and responsive status controls 

    Error: browserType.launch: Executable doesn't exist at /Users/ok/Library/Caches/ms-playwright/chromium_headless_shell-1228/chrome-headless-shell-mac-arm64/chrome-headless-shell
    ╔════════════════════════════════════════════════════════════╗
    ║ Looks like Playwright was just installed or updated.       ║
    ║ Please run the following command to download new browsers: ║
    ║                                                            ║
    ║     npx playwright install                                 ║
    ║                                                            ║
    ║ <3 Playwright Team                                         ║
    ╚════════════════════════════════════════════════════════════╝

    Error Context: test-results/e2e-real-files-and-tabs-FT-36b00--responsive-status-controls-chromium/error-context.md

  171) [chromium] › e2e/real-files-and-tabs.test.ts:716:1 › T051 keeps parity launchers isolated from the FT-VS-07 recent seed 

    Error: browserType.launch: Executable doesn't exist at /Users/ok/Library/Caches/ms-playwright/chromium_headless_shell-1228/chrome-headless-shell-mac-arm64/chrome-headless-shell
    ╔════════════════════════════════════════════════════════════╗
    ║ Looks like Playwright was just installed or updated.       ║
    ║ Please run the following command to download new browsers: ║
    ║                                                            ║
    ║     npx playwright install                                 ║
    ║                                                            ║
    ║ <3 Playwright Team                                         ║
    ╚════════════════════════════════════════════════════════════╝

    Error Context: test-results/e2e-real-files-and-tabs-T0-e79e1-om-the-FT-VS-07-recent-seed-chromium/error-context.md

  172) [chromium] › e2e/real-files-and-tabs.test.ts:747:1 › FT-VS-08 keeps the close prompt until an explicit choice is made 

    Error: browserType.launch: Executable doesn't exist at /Users/ok/Library/Caches/ms-playwright/chromium_headless_shell-1228/chrome-headless-shell-mac-arm64/chrome-headless-shell
    ╔════════════════════════════════════════════════════════════╗
    ║ Looks like Playwright was just installed or updated.       ║
    ║ Please run the following command to download new browsers: ║
    ║                                                            ║
    ║     npx playwright install                                 ║
    ║                                                            ║
    ║ <3 Playwright Team                                         ║
    ╚════════════════════════════════════════════════════════════╝

    Error Context: test-results/e2e-real-files-and-tabs-FT-14f72--an-explicit-choice-is-made-chromium/error-context.md

  173) [chromium] › e2e/real-files-and-tabs.test.ts:802:1 › FT-VS-09 refuses the forty-first document and names the limit 

    Error: browserType.launch: Executable doesn't exist at /Users/ok/Library/Caches/ms-playwright/chromium_headless_shell-1228/chrome-headless-shell-mac-arm64/chrome-headless-shell
    ╔════════════════════════════════════════════════════════════╗
    ║ Looks like Playwright was just installed or updated.       ║
    ║ Please run the following command to download new browsers: ║
    ║                                                            ║
    ║     npx playwright install                                 ║
    ║                                                            ║
    ║ <3 Playwright Team                                         ║
    ╚════════════════════════════════════════════════════════════╝

    Error Context: test-results/e2e-real-files-and-tabs-FT-73bef-ocument-and-names-the-limit-chromium/error-context.md

  174) [chromium] › e2e/real-files-and-tabs.test.ts:828:1 › FT-VS-09 refuses an over-50-MiB file and names the limit 

    Error: browserType.launch: Executable doesn't exist at /Users/ok/Library/Caches/ms-playwright/chromium_headless_shell-1228/chrome-headless-shell-mac-arm64/chrome-headless-shell
    ╔════════════════════════════════════════════════════════════╗
    ║ Looks like Playwright was just installed or updated.       ║
    ║ Please run the following command to download new browsers: ║
    ║                                                            ║
    ║     npx playwright install                                 ║
    ║                                                            ║
    ║ <3 Playwright Team                                         ║
    ╚════════════════════════════════════════════════════════════╝

    Error Context: test-results/e2e-real-files-and-tabs-FT-1bf36-iB-file-and-names-the-limit-chromium/error-context.md

  175) [chromium] › e2e/real-files-and-tabs.test.ts:864:1 › FT-VS-10 dispatches the File accelerators the menu advertises 

    Error: browserType.launch: Executable doesn't exist at /Users/ok/Library/Caches/ms-playwright/chromium_headless_shell-1228/chrome-headless-shell-mac-arm64/chrome-headless-shell
    ╔════════════════════════════════════════════════════════════╗
    ║ Looks like Playwright was just installed or updated.       ║
    ║ Please run the following command to download new browsers: ║
    ║                                                            ║
    ║     npx playwright install                                 ║
    ║                                                            ║
    ║ <3 Playwright Team                                         ║
    ╚════════════════════════════════════════════════════════════╝

    Error Context: test-results/e2e-real-files-and-tabs-FT-baf7a-erators-the-menu-advertises-chromium/error-context.md

  176) [chromium] › e2e/real-files-and-tabs.test.ts:918:1 › T144 keeps the distinguishing suffix painted when the pixel budget truncates the tab label 

    Error: browserType.launch: Executable doesn't exist at /Users/ok/Library/Caches/ms-playwright/chromium_headless_shell-1228/chrome-headless-shell-mac-arm64/chrome-headless-shell
    ╔════════════════════════════════════════════════════════════╗
    ║ Looks like Playwright was just installed or updated.       ║
    ║ Please run the following command to download new browsers: ║
    ║                                                            ║
    ║     npx playwright install                                 ║
    ║                                                            ║
    ║ <3 Playwright Team                                         ║
    ╚════════════════════════════════════════════════════════════╝

    Error Context: test-results/e2e-real-files-and-tabs-T1-026f3-get-truncates-the-tab-label-chromium/error-context.md

  177) [chromium] › e2e/real-files-and-tabs.test.ts:984:1 › T188 reports a refused activation exactly once 

    Error: browserType.launch: Executable doesn't exist at /Users/ok/Library/Caches/ms-playwright/chromium_headless_shell-1228/chrome-headless-shell-mac-arm64/chrome-headless-shell
    ╔════════════════════════════════════════════════════════════╗
    ║ Looks like Playwright was just installed or updated.       ║
    ║ Please run the following command to download new browsers: ║
    ║                                                            ║
    ║     npx playwright install                                 ║
    ║                                                            ║
    ║ <3 Playwright Team                                         ║
    ╚════════════════════════════════════════════════════════════╝

    Error Context: test-results/e2e-real-files-and-tabs-T1-86331-sed-activation-exactly-once-chromium/error-context.md

  178) [chromium] › e2e/real-files-and-tabs.test.ts:1027:1 › T164 reports a refused close exactly once and keeps its Retry 

    Error: browserType.launch: Executable doesn't exist at /Users/ok/Library/Caches/ms-playwright/chromium_headless_shell-1228/chrome-headless-shell-mac-arm64/chrome-headless-shell
    ╔════════════════════════════════════════════════════════════╗
    ║ Looks like Playwright was just installed or updated.       ║
    ║ Please run the following command to download new browsers: ║
    ║                                                            ║
    ║     npx playwright install                                 ║
    ║                                                            ║
    ║ <3 Playwright Team                                         ║
    ╚════════════════════════════════════════════════════════════╝

    Error Context: test-results/e2e-real-files-and-tabs-T1-ee2aa-ly-once-and-keeps-its-Retry-chromium/error-context.md

  179) [chromium] › e2e/real-files-and-tabs.test.ts:1067:1 › T177 draws the dragged tab at reduced opacity while it is in flight 

    Error: browserType.launch: Executable doesn't exist at /Users/ok/Library/Caches/ms-playwright/chromium_headless_shell-1228/chrome-headless-shell-mac-arm64/chrome-headless-shell
    ╔════════════════════════════════════════════════════════════╗
    ║ Looks like Playwright was just installed or updated.       ║
    ║ Please run the following command to download new browsers: ║
    ║                                                            ║
    ║     npx playwright install                                 ║
    ║                                                            ║
    ║ <3 Playwright Team                                         ║
    ╚════════════════════════════════════════════════════════════╝

    Error Context: test-results/e2e-real-files-and-tabs-T1-a7bb4-acity-while-it-is-in-flight-chromium/error-context.md

  180) [chromium] › e2e/real-files-and-tabs.test.ts:1118:1 › T177 auto-scrolls the tab strip when a drag reaches its trailing edge 

    Error: browserType.launch: Executable doesn't exist at /Users/ok/Library/Caches/ms-playwright/chromium_headless_shell-1228/chrome-headless-shell-mac-arm64/chrome-headless-shell
    ╔════════════════════════════════════════════════════════════╗
    ║ Looks like Playwright was just installed or updated.       ║
    ║ Please run the following command to download new browsers: ║
    ║                                                            ║
    ║     npx playwright install                                 ║
    ║                                                            ║
    ║ <3 Playwright Team                                         ║
    ╚════════════════════════════════════════════════════════════╝

    Error Context: test-results/e2e-real-files-and-tabs-T1-05091-g-reaches-its-trailing-edge-chromium/error-context.md

  181) [chromium] › e2e/real-files-and-tabs.test.ts:1183:1 › T192 keeps the reloaded content when the next edit is saved 

    Error: browserType.launch: Executable doesn't exist at /Users/ok/Library/Caches/ms-playwright/chromium_headless_shell-1228/chrome-headless-shell-mac-arm64/chrome-headless-shell
    ╔════════════════════════════════════════════════════════════╗
    ║ Looks like Playwright was just installed or updated.       ║
    ║ Please run the following command to download new browsers: ║
    ║                                                            ║
    ║     npx playwright install                                 ║
    ║                                                            ║
    ║ <3 Playwright Team                                         ║
    ╚════════════════════════════════════════════════════════════╝

    Error Context: test-results/e2e-real-files-and-tabs-T1-fd450-when-the-next-edit-is-saved-chromium/error-context.md

  182) [chromium] › e2e/real-files-parity.test.ts:1091:1 › T050 reference navigation reaches every mapped probe before capture 

    Error: browserType.launch: Executable doesn't exist at /Users/ok/Library/Caches/ms-playwright/chromium_headless_shell-1228/chrome-headless-shell-mac-arm64/chrome-headless-shell
    ╔════════════════════════════════════════════════════════════╗
    ║ Looks like Playwright was just installed or updated.       ║
    ║ Please run the following command to download new browsers: ║
    ║                                                            ║
    ║     npx playwright install                                 ║
    ║                                                            ║
    ║ <3 Playwright Team                                         ║
    ╚════════════════════════════════════════════════════════════╝

    Error Context: test-results/e2e-real-files-parity-T050-5d79e-mapped-probe-before-capture-chromium/error-context.md

  183) [chromium] › e2e/window-shell.test.ts:408:5 › T026 shell matrix 375 glass light ─────────────

    Error: browserType.launch: Executable doesn't exist at /Users/ok/Library/Caches/ms-playwright/chromium_headless_shell-1228/chrome-headless-shell-mac-arm64/chrome-headless-shell
    ╔════════════════════════════════════════════════════════════╗
    ║ Looks like Playwright was just installed or updated.       ║
    ║ Please run the following command to download new browsers: ║
    ║                                                            ║
    ║     npx playwright install                                 ║
    ║                                                            ║
    ║ <3 Playwright Team                                         ║
    ╚════════════════════════════════════════════════════════════╝

    Error Context: test-results/e2e-window-shell-T026-shell-matrix-375-glass-light-chromium/error-context.md

  184) [chromium] › e2e/window-shell.test.ts:408:5 › T026 shell matrix 375 glass dark ──────────────

    Error: browserType.launch: Executable doesn't exist at /Users/ok/Library/Caches/ms-playwright/chromium_headless_shell-1228/chrome-headless-shell-mac-arm64/chrome-headless-shell
    ╔════════════════════════════════════════════════════════════╗
    ║ Looks like Playwright was just installed or updated.       ║
    ║ Please run the following command to download new browsers: ║
    ║                                                            ║
    ║     npx playwright install                                 ║
    ║                                                            ║
    ║ <3 Playwright Team                                         ║
    ╚════════════════════════════════════════════════════════════╝

    Error Context: test-results/e2e-window-shell-T026-shell-matrix-375-glass-dark-chromium/error-context.md

  185) [chromium] › e2e/window-shell.test.ts:408:5 › T026 shell matrix 375 material light ──────────

    Error: browserType.launch: Executable doesn't exist at /Users/ok/Library/Caches/ms-playwright/chromium_headless_shell-1228/chrome-headless-shell-mac-arm64/chrome-headless-shell
    ╔════════════════════════════════════════════════════════════╗
    ║ Looks like Playwright was just installed or updated.       ║
    ║ Please run the following command to download new browsers: ║
    ║                                                            ║
    ║     npx playwright install                                 ║
    ║                                                            ║
    ║ <3 Playwright Team                                         ║
    ╚════════════════════════════════════════════════════════════╝

    Error Context: test-results/e2e-window-shell-T026-shell-matrix-375-material-light-chromium/error-context.md

  186) [chromium] › e2e/window-shell.test.ts:408:5 › T026 shell matrix 375 material dark ───────────

    Error: browserType.launch: Executable doesn't exist at /Users/ok/Library/Caches/ms-playwright/chromium_headless_shell-1228/chrome-headless-shell-mac-arm64/chrome-headless-shell
    ╔════════════════════════════════════════════════════════════╗
    ║ Looks like Playwright was just installed or updated.       ║
    ║ Please run the following command to download new browsers: ║
    ║                                                            ║
    ║     npx playwright install                                 ║
    ║                                                            ║
    ║ <3 Playwright Team                                         ║
    ╚════════════════════════════════════════════════════════════╝

    Error Context: test-results/e2e-window-shell-T026-shell-matrix-375-material-dark-chromium/error-context.md

  187) [chromium] › e2e/window-shell.test.ts:408:5 › T026 shell matrix 375 minimal light ───────────

    Error: browserType.launch: Executable doesn't exist at /Users/ok/Library/Caches/ms-playwright/chromium_headless_shell-1228/chrome-headless-shell-mac-arm64/chrome-headless-shell
    ╔════════════════════════════════════════════════════════════╗
    ║ Looks like Playwright was just installed or updated.       ║
    ║ Please run the following command to download new browsers: ║
    ║                                                            ║
    ║     npx playwright install                                 ║
    ║                                                            ║
    ║ <3 Playwright Team                                         ║
    ╚════════════════════════════════════════════════════════════╝

    Error Context: test-results/e2e-window-shell-T026-shell-matrix-375-minimal-light-chromium/error-context.md

  188) [chromium] › e2e/window-shell.test.ts:408:5 › T026 shell matrix 375 minimal dark ────────────

    Error: browserType.launch: Executable doesn't exist at /Users/ok/Library/Caches/ms-playwright/chromium_headless_shell-1228/chrome-headless-shell-mac-arm64/chrome-headless-shell
    ╔════════════════════════════════════════════════════════════╗
    ║ Looks like Playwright was just installed or updated.       ║
    ║ Please run the following command to download new browsers: ║
    ║                                                            ║
    ║     npx playwright install                                 ║
    ║                                                            ║
    ║ <3 Playwright Team                                         ║
    ╚════════════════════════════════════════════════════════════╝

    Error Context: test-results/e2e-window-shell-T026-shell-matrix-375-minimal-dark-chromium/error-context.md

  189) [chromium] › e2e/window-shell.test.ts:408:5 › T026 shell matrix 768 glass light ─────────────

    Error: browserType.launch: Executable doesn't exist at /Users/ok/Library/Caches/ms-playwright/chromium_headless_shell-1228/chrome-headless-shell-mac-arm64/chrome-headless-shell
    ╔════════════════════════════════════════════════════════════╗
    ║ Looks like Playwright was just installed or updated.       ║
    ║ Please run the following command to download new browsers: ║
    ║                                                            ║
    ║     npx playwright install                                 ║
    ║                                                            ║
    ║ <3 Playwright Team                                         ║
    ╚════════════════════════════════════════════════════════════╝

    Error Context: test-results/e2e-window-shell-T026-shell-matrix-768-glass-light-chromium/error-context.md

  190) [chromium] › e2e/window-shell.test.ts:408:5 › T026 shell matrix 768 glass dark ──────────────

    Error: browserType.launch: Executable doesn't exist at /Users/ok/Library/Caches/ms-playwright/chromium_headless_shell-1228/chrome-headless-shell-mac-arm64/chrome-headless-shell
    ╔════════════════════════════════════════════════════════════╗
    ║ Looks like Playwright was just installed or updated.       ║
    ║ Please run the following command to download new browsers: ║
    ║                                                            ║
    ║     npx playwright install                                 ║
    ║                                                            ║
    ║ <3 Playwright Team                                         ║
    ╚════════════════════════════════════════════════════════════╝

    Error Context: test-results/e2e-window-shell-T026-shell-matrix-768-glass-dark-chromium/error-context.md

  191) [chromium] › e2e/window-shell.test.ts:408:5 › T026 shell matrix 768 material light ──────────

    Error: browserType.launch: Executable doesn't exist at /Users/ok/Library/Caches/ms-playwright/chromium_headless_shell-1228/chrome-headless-shell-mac-arm64/chrome-headless-shell
    ╔════════════════════════════════════════════════════════════╗
    ║ Looks like Playwright was just installed or updated.       ║
    ║ Please run the following command to download new browsers: ║
    ║                                                            ║
    ║     npx playwright install                                 ║
    ║                                                            ║
    ║ <3 Playwright Team                                         ║
    ╚════════════════════════════════════════════════════════════╝

    Error Context: test-results/e2e-window-shell-T026-shell-matrix-768-material-light-chromium/error-context.md

  192) [chromium] › e2e/window-shell.test.ts:408:5 › T026 shell matrix 768 material dark ───────────

    Error: browserType.launch: Executable doesn't exist at /Users/ok/Library/Caches/ms-playwright/chromium_headless_shell-1228/chrome-headless-shell-mac-arm64/chrome-headless-shell
    ╔════════════════════════════════════════════════════════════╗
    ║ Looks like Playwright was just installed or updated.       ║
    ║ Please run the following command to download new browsers: ║
    ║                                                            ║
    ║     npx playwright install                                 ║
    ║                                                            ║
    ║ <3 Playwright Team                                         ║
    ╚════════════════════════════════════════════════════════════╝

    Error Context: test-results/e2e-window-shell-T026-shell-matrix-768-material-dark-chromium/error-context.md

  193) [chromium] › e2e/window-shell.test.ts:408:5 › T026 shell matrix 768 minimal light ───────────

    Error: browserType.launch: Executable doesn't exist at /Users/ok/Library/Caches/ms-playwright/chromium_headless_shell-1228/chrome-headless-shell-mac-arm64/chrome-headless-shell
    ╔════════════════════════════════════════════════════════════╗
    ║ Looks like Playwright was just installed or updated.       ║
    ║ Please run the following command to download new browsers: ║
    ║                                                            ║
    ║     npx playwright install                                 ║
    ║                                                            ║
    ║ <3 Playwright Team                                         ║
    ╚════════════════════════════════════════════════════════════╝

    Error Context: test-results/e2e-window-shell-T026-shell-matrix-768-minimal-light-chromium/error-context.md

  194) [chromium] › e2e/window-shell.test.ts:408:5 › T026 shell matrix 768 minimal dark ────────────

    Error: browserType.launch: Executable doesn't exist at /Users/ok/Library/Caches/ms-playwright/chromium_headless_shell-1228/chrome-headless-shell-mac-arm64/chrome-headless-shell
    ╔════════════════════════════════════════════════════════════╗
    ║ Looks like Playwright was just installed or updated.       ║
    ║ Please run the following command to download new browsers: ║
    ║                                                            ║
    ║     npx playwright install                                 ║
    ║                                                            ║
    ║ <3 Playwright Team                                         ║
    ╚════════════════════════════════════════════════════════════╝

    Error Context: test-results/e2e-window-shell-T026-shell-matrix-768-minimal-dark-chromium/error-context.md

  195) [chromium] › e2e/window-shell.test.ts:408:5 › T026 shell matrix 1280 glass light ────────────

    Error: browserType.launch: Executable doesn't exist at /Users/ok/Library/Caches/ms-playwright/chromium_headless_shell-1228/chrome-headless-shell-mac-arm64/chrome-headless-shell
    ╔════════════════════════════════════════════════════════════╗
    ║ Looks like Playwright was just installed or updated.       ║
    ║ Please run the following command to download new browsers: ║
    ║                                                            ║
    ║     npx playwright install                                 ║
    ║                                                            ║
    ║ <3 Playwright Team                                         ║
    ╚════════════════════════════════════════════════════════════╝

    Error Context: test-results/e2e-window-shell-T026-shell-matrix-1280-glass-light-chromium/error-context.md

  196) [chromium] › e2e/window-shell.test.ts:408:5 › T026 shell matrix 1280 glass dark ─────────────

    Error: browserType.launch: Executable doesn't exist at /Users/ok/Library/Caches/ms-playwright/chromium_headless_shell-1228/chrome-headless-shell-mac-arm64/chrome-headless-shell
    ╔════════════════════════════════════════════════════════════╗
    ║ Looks like Playwright was just installed or updated.       ║
    ║ Please run the following command to download new browsers: ║
    ║                                                            ║
    ║     npx playwright install                                 ║
    ║                                                            ║
    ║ <3 Playwright Team                                         ║
    ╚════════════════════════════════════════════════════════════╝

    Error Context: test-results/e2e-window-shell-T026-shell-matrix-1280-glass-dark-chromium/error-context.md

  197) [chromium] › e2e/window-shell.test.ts:408:5 › T026 shell matrix 1280 material light ─────────

    Error: browserType.launch: Executable doesn't exist at /Users/ok/Library/Caches/ms-playwright/chromium_headless_shell-1228/chrome-headless-shell-mac-arm64/chrome-headless-shell
    ╔════════════════════════════════════════════════════════════╗
    ║ Looks like Playwright was just installed or updated.       ║
    ║ Please run the following command to download new browsers: ║
    ║                                                            ║
    ║     npx playwright install                                 ║
    ║                                                            ║
    ║ <3 Playwright Team                                         ║
    ╚════════════════════════════════════════════════════════════╝

    Error Context: test-results/e2e-window-shell-T026-shell-matrix-1280-material-light-chromium/error-context.md

  198) [chromium] › e2e/window-shell.test.ts:408:5 › T026 shell matrix 1280 material dark ──────────

    Error: browserType.launch: Executable doesn't exist at /Users/ok/Library/Caches/ms-playwright/chromium_headless_shell-1228/chrome-headless-shell-mac-arm64/chrome-headless-shell
    ╔════════════════════════════════════════════════════════════╗
    ║ Looks like Playwright was just installed or updated.       ║
    ║ Please run the following command to download new browsers: ║
    ║                                                            ║
    ║     npx playwright install                                 ║
    ║                                                            ║
    ║ <3 Playwright Team                                         ║
    ╚════════════════════════════════════════════════════════════╝

    Error Context: test-results/e2e-window-shell-T026-shell-matrix-1280-material-dark-chromium/error-context.md

  199) [chromium] › e2e/window-shell.test.ts:408:5 › T026 shell matrix 1280 minimal light ──────────

    Error: browserType.launch: Executable doesn't exist at /Users/ok/Library/Caches/ms-playwright/chromium_headless_shell-1228/chrome-headless-shell-mac-arm64/chrome-headless-shell
    ╔════════════════════════════════════════════════════════════╗
    ║ Looks like Playwright was just installed or updated.       ║
    ║ Please run the following command to download new browsers: ║
    ║                                                            ║
    ║     npx playwright install                                 ║
    ║                                                            ║
    ║ <3 Playwright Team                                         ║
    ╚════════════════════════════════════════════════════════════╝

    Error Context: test-results/e2e-window-shell-T026-shell-matrix-1280-minimal-light-chromium/error-context.md

  200) [chromium] › e2e/window-shell.test.ts:408:5 › T026 shell matrix 1280 minimal dark ───────────

    Error: browserType.launch: Executable doesn't exist at /Users/ok/Library/Caches/ms-playwright/chromium_headless_shell-1228/chrome-headless-shell-mac-arm64/chrome-headless-shell
    ╔════════════════════════════════════════════════════════════╗
    ║ Looks like Playwright was just installed or updated.       ║
    ║ Please run the following command to download new browsers: ║
    ║                                                            ║
    ║     npx playwright install                                 ║
    ║                                                            ║
    ║ <3 Playwright Team                                         ║
    ╚════════════════════════════════════════════════════════════╝

    Error Context: test-results/e2e-window-shell-T026-shell-matrix-1280-minimal-dark-chromium/error-context.md

  201) [chromium] › e2e/window-shell.test.ts:553:1 › T039 native minimum frame rounding drops the workspace entirely 

    Error: browserType.launch: Executable doesn't exist at /Users/ok/Library/Caches/ms-playwright/chromium_headless_shell-1228/chrome-headless-shell-mac-arm64/chrome-headless-shell
    ╔════════════════════════════════════════════════════════════╗
    ║ Looks like Playwright was just installed or updated.       ║
    ║ Please run the following command to download new browsers: ║
    ║                                                            ║
    ║     npx playwright install                                 ║
    ║                                                            ║
    ║ <3 Playwright Team                                         ║
    ╚════════════════════════════════════════════════════════════╝

    Error Context: test-results/e2e-window-shell-T039-nati-b147d-rops-the-workspace-entirely-chromium/error-context.md

  202) [chromium] › e2e/window-shell.test.ts:586:3 › T040 Settings popup stays operable inside the 375px viewport 

    Error: browserType.launch: Executable doesn't exist at /Users/ok/Library/Caches/ms-playwright/chromium_headless_shell-1228/chrome-headless-shell-mac-arm64/chrome-headless-shell
    ╔════════════════════════════════════════════════════════════╗
    ║ Looks like Playwright was just installed or updated.       ║
    ║ Please run the following command to download new browsers: ║
    ║                                                            ║
    ║     npx playwright install                                 ║
    ║                                                            ║
    ║ <3 Playwright Team                                         ║
    ╚════════════════════════════════════════════════════════════╝

    Error Context: test-results/e2e-window-shell-T040-Sett-c60be-e-inside-the-375px-viewport-chromium/error-context.md

  203) [chromium] › e2e/window-shell.test.ts:586:3 › T040 Settings popup stays operable inside the 768px viewport 

    Error: browserType.launch: Executable doesn't exist at /Users/ok/Library/Caches/ms-playwright/chromium_headless_shell-1228/chrome-headless-shell-mac-arm64/chrome-headless-shell
    ╔════════════════════════════════════════════════════════════╗
    ║ Looks like Playwright was just installed or updated.       ║
    ║ Please run the following command to download new browsers: ║
    ║                                                            ║
    ║     npx playwright install                                 ║
    ║                                                            ║
    ║ <3 Playwright Team                                         ║
    ╚════════════════════════════════════════════════════════════╝

    Error Context: test-results/e2e-window-shell-T040-Sett-ffc18-e-inside-the-768px-viewport-chromium/error-context.md

  204) [chromium] › e2e/window-shell.test.ts:586:3 › T040 Settings popup stays operable inside the 1280px viewport 

    Error: browserType.launch: Executable doesn't exist at /Users/ok/Library/Caches/ms-playwright/chromium_headless_shell-1228/chrome-headless-shell-mac-arm64/chrome-headless-shell
    ╔════════════════════════════════════════════════════════════╗
    ║ Looks like Playwright was just installed or updated.       ║
    ║ Please run the following command to download new browsers: ║
    ║                                                            ║
    ║     npx playwright install                                 ║
    ║                                                            ║
    ║ <3 Playwright Team                                         ║
    ╚════════════════════════════════════════════════════════════╝

    Error Context: test-results/e2e-window-shell-T040-Sett-4dd4f--inside-the-1280px-viewport-chromium/error-context.md

  205) [chromium] › e2e/window-shell.test.ts:651:5 › T041 Close control restores the connected 375px Settings opener 

    Error: browserType.launch: Executable doesn't exist at /Users/ok/Library/Caches/ms-playwright/chromium_headless_shell-1228/chrome-headless-shell-mac-arm64/chrome-headless-shell
    ╔════════════════════════════════════════════════════════════╗
    ║ Looks like Playwright was just installed or updated.       ║
    ║ Please run the following command to download new browsers: ║
    ║                                                            ║
    ║     npx playwright install                                 ║
    ║                                                            ║
    ║ <3 Playwright Team                                         ║
    ╚════════════════════════════════════════════════════════════╝

    Error Context: test-results/e2e-window-shell-T041-Clos-17f29-ected-375px-Settings-opener-chromium/error-context.md

  206) [chromium] › e2e/window-shell.test.ts:651:5 › T041 Escape restores the connected 375px Settings opener 

    Error: browserType.launch: Executable doesn't exist at /Users/ok/Library/Caches/ms-playwright/chromium_headless_shell-1228/chrome-headless-shell-mac-arm64/chrome-headless-shell
    ╔════════════════════════════════════════════════════════════╗
    ║ Looks like Playwright was just installed or updated.       ║
    ║ Please run the following command to download new browsers: ║
    ║                                                            ║
    ║     npx playwright install                                 ║
    ║                                                            ║
    ║ <3 Playwright Team                                         ║
    ╚════════════════════════════════════════════════════════════╝

    Error Context: test-results/e2e-window-shell-T041-Esca-2b472-ected-375px-Settings-opener-chromium/error-context.md

  207) [chromium] › e2e/window-shell.test.ts:651:5 › T041 Close control restores the connected 1280px Settings opener 

    Error: browserType.launch: Executable doesn't exist at /Users/ok/Library/Caches/ms-playwright/chromium_headless_shell-1228/chrome-headless-shell-mac-arm64/chrome-headless-shell
    ╔════════════════════════════════════════════════════════════╗
    ║ Looks like Playwright was just installed or updated.       ║
    ║ Please run the following command to download new browsers: ║
    ║                                                            ║
    ║     npx playwright install                                 ║
    ║                                                            ║
    ║ <3 Playwright Team                                         ║
    ╚════════════════════════════════════════════════════════════╝

    Error Context: test-results/e2e-window-shell-T041-Clos-0162c-cted-1280px-Settings-opener-chromium/error-context.md

  208) [chromium] › e2e/window-shell.test.ts:651:5 › T041 Escape restores the connected 1280px Settings opener 

    Error: browserType.launch: Executable doesn't exist at /Users/ok/Library/Caches/ms-playwright/chromium_headless_shell-1228/chrome-headless-shell-mac-arm64/chrome-headless-shell
    ╔════════════════════════════════════════════════════════════╗
    ║ Looks like Playwright was just installed or updated.       ║
    ║ Please run the following command to download new browsers: ║
    ║                                                            ║
    ║     npx playwright install                                 ║
    ║                                                            ║
    ║ <3 Playwright Team                                         ║
    ╚════════════════════════════════════════════════════════════╝

    Error Context: test-results/e2e-window-shell-T041-Esca-d855b-cted-1280px-Settings-opener-chromium/error-context.md

  209) [chromium] › e2e/window-shell.test.ts:682:1 › T026 shell actions, focus, reset, sidebar, notification, identity, and absence 

    Error: browserType.launch: Executable doesn't exist at /Users/ok/Library/Caches/ms-playwright/chromium_headless_shell-1228/chrome-headless-shell-mac-arm64/chrome-headless-shell
    ╔════════════════════════════════════════════════════════════╗
    ║ Looks like Playwright was just installed or updated.       ║
    ║ Please run the following command to download new browsers: ║
    ║                                                            ║
    ║     npx playwright install                                 ║
    ║                                                            ║
    ║ <3 Playwright Team                                         ║
    ╚════════════════════════════════════════════════════════════╝

    Error Context: test-results/e2e-window-shell-T026-shel-420d9-cation-identity-and-absence-chromium/error-context.md

  210) [chromium] › e2e/window-shell.test.ts:747:1 › T029 keeps a long localized shell label and its two-layer keyboard focus ring visible 

    Error: browserType.launch: Executable doesn't exist at /Users/ok/Library/Caches/ms-playwright/chromium_headless_shell-1228/chrome-headless-shell-mac-arm64/chrome-headless-shell
    ╔════════════════════════════════════════════════════════════╗
    ║ Looks like Playwright was just installed or updated.       ║
    ║ Please run the following command to download new browsers: ║
    ║                                                            ║
    ║     npx playwright install                                 ║
    ║                                                            ║
    ║ <3 Playwright Team                                         ║
    ╚════════════════════════════════════════════════════════════╝

    Error Context: test-results/e2e-window-shell-T029-keep-5b8a9-keyboard-focus-ring-visible-chromium/error-context.md

  211) [chromium] › e2e/window-shell.test.ts:809:1 › T026 representative shell journey stays local-only 

    Error: browserType.launch: Executable doesn't exist at /Users/ok/Library/Caches/ms-playwright/chromium_headless_shell-1228/chrome-headless-shell-mac-arm64/chrome-headless-shell
    ╔════════════════════════════════════════════════════════════╗
    ║ Looks like Playwright was just installed or updated.       ║
    ║ Please run the following command to download new browsers: ║
    ║                                                            ║
    ║     npx playwright install                                 ║
    ║                                                            ║
    ║ <3 Playwright Team                                         ║
    ╚════════════════════════════════════════════════════════════╝

    Error Context: test-results/e2e-window-shell-T026-repr-8b987-ll-journey-stays-local-only-chromium/error-context.md

  212) [chromium] › e2e/window-shell.test.ts:832:1 › T026 retains at least 20 measured resize and divider samples 

    Error: browserType.launch: Executable doesn't exist at /Users/ok/Library/Caches/ms-playwright/chromium_headless_shell-1228/chrome-headless-shell-mac-arm64/chrome-headless-shell
    ╔════════════════════════════════════════════════════════════╗
    ║ Looks like Playwright was just installed or updated.       ║
    ║ Please run the following command to download new browsers: ║
    ║                                                            ║
    ║     npx playwright install                                 ║
    ║                                                            ║
    ║ <3 Playwright Team                                         ║
    ╚════════════════════════════════════════════════════════════╝

    Error Context: test-results/e2e-window-shell-T026-reta-4dc5c--resize-and-divider-samples-chromium/error-context.md

  213) [parity] › e2e/targeted-parity.test.ts:1058:3 › T058 state-pairs the closed menubar in glass-light 

    Error: browserType.launch: Executable doesn't exist at /Users/ok/Library/Caches/ms-playwright/chromium_headless_shell-1228/chrome-headless-shell-mac-arm64/chrome-headless-shell
    ╔════════════════════════════════════════════════════════════╗
    ║ Looks like Playwright was just installed or updated.       ║
    ║ Please run the following command to download new browsers: ║
    ║                                                            ║
    ║     npx playwright install                                 ║
    ║                                                            ║
    ║ <3 Playwright Team                                         ║
    ╚════════════════════════════════════════════════════════════╝

    Error Context: test-results/e2e-targeted-parity-T058-s-5f963-osed-menubar-in-glass-light-parity/error-context.md

  214) [parity] › e2e/targeted-parity.test.ts:1058:3 › T058 state-pairs the closed menubar in glass-light 

    Error: browserType.launch: Executable doesn't exist at /Users/ok/Library/Caches/ms-playwright/chromium_headless_shell-1228/chrome-headless-shell-mac-arm64/chrome-headless-shell
    ╔════════════════════════════════════════════════════════════╗
    ║ Looks like Playwright was just installed or updated.       ║
    ║ Please run the following command to download new browsers: ║
    ║                                                            ║
    ║     npx playwright install                                 ║
    ║                                                            ║
    ║ <3 Playwright Team                                         ║
    ╚════════════════════════════════════════════════════════════╝

    Error Context: test-results/e2e-targeted-parity-T058-s-5f963-osed-menubar-in-glass-light-parity-repeat1/error-context.md

  215) [parity] › e2e/targeted-parity.test.ts:1058:3 › T058 state-pairs the closed menubar in glass-light 

    Error: browserType.launch: Executable doesn't exist at /Users/ok/Library/Caches/ms-playwright/chromium_headless_shell-1228/chrome-headless-shell-mac-arm64/chrome-headless-shell
    ╔════════════════════════════════════════════════════════════╗
    ║ Looks like Playwright was just installed or updated.       ║
    ║ Please run the following command to download new browsers: ║
    ║                                                            ║
    ║     npx playwright install                                 ║
    ║                                                            ║
    ║ <3 Playwright Team                                         ║
    ╚════════════════════════════════════════════════════════════╝

    Error Context: test-results/e2e-targeted-parity-T058-s-5f963-osed-menubar-in-glass-light-parity-repeat2/error-context.md

  215 failed
    [chromium] › e2e/appearance.test.ts:40:1 › changes all six palettes through keyboard reachable appearance controls without overflow 
    [chromium] › e2e/appearance.test.ts:87:1 › uses the pre-paint mirror before canonical reconciliation and keeps the controls visibly focused with bundled typography 
    [chromium] › e2e/appearance.test.ts:173:1 › retains the acknowledged palette when the bridge rejects an appearance write 
    [chromium] › e2e/core-editor.test.ts:206:1 › STORY-018-AC-1 verifies responsive editor dimensions 
    [chromium] › e2e/core-editor.test.ts:238:1 › STORY-022-AC-5 round trips an edit through Preview responsively 
    [chromium] › e2e/core-editor.test.ts:305:1 › STORY-022-AC-4 (EC-DOCS-12) keeps a focused Monaco source, caret, and selection across a metadata patch 
    [chromium] › e2e/core-editor.test.ts:441:1 › STORY-018-AC-2 verifies the live editor preview flow 
    [chromium] › e2e/core-editor.test.ts:542:1 › STORY-018-AC-3 matches the approved split-view reference 
    [chromium] › e2e/core-editor.test.ts:651:1 › STORY-032-AC-3 presents deterministic 1280x720 candidate for owner approval 
    [chromium] › e2e/core-editor.test.ts:677:1 › STORY-018-AC-4 verifies view-mode and View-menu interaction 
    [chromium] › e2e/editor-stage.test.ts:18:7 › T019 1280px Liquid Glass Auto (system) keeps the Editor stage reachable 
    [chromium] › e2e/editor-stage.test.ts:18:7 › T019 1280px Liquid Glass Light keeps the Editor stage reachable 
    [chromium] › e2e/editor-stage.test.ts:18:7 › T019 1280px Liquid Glass Dark keeps the Editor stage reachable 
    [chromium] › e2e/editor-stage.test.ts:18:7 › T019 1280px Material Auto (system) keeps the Editor stage reachable 
    [chromium] › e2e/editor-stage.test.ts:18:7 › T019 1280px Material Light keeps the Editor stage reachable 
    [chromium] › e2e/editor-stage.test.ts:18:7 › T019 1280px Material Dark keeps the Editor stage reachable 
    [chromium] › e2e/editor-stage.test.ts:18:7 › T019 1280px Minimal Auto (system) keeps the Editor stage reachable 
    [chromium] › e2e/editor-stage.test.ts:18:7 › T019 1280px Minimal Light keeps the Editor stage reachable 
    [chromium] › e2e/editor-stage.test.ts:18:7 › T019 1280px Minimal Dark keeps the Editor stage reachable 
    [chromium] › e2e/editor-stage.test.ts:18:7 › T019 768px Liquid Glass Auto (system) keeps the Editor stage reachable 
    [chromium] › e2e/editor-stage.test.ts:18:7 › T019 768px Liquid Glass Light keeps the Editor stage reachable 
    [chromium] › e2e/editor-stage.test.ts:18:7 › T019 768px Liquid Glass Dark keeps the Editor stage reachable 
    [chromium] › e2e/editor-stage.test.ts:18:7 › T019 768px Material Auto (system) keeps the Editor stage reachable 
    [chromium] › e2e/editor-stage.test.ts:18:7 › T019 768px Material Light keeps the Editor stage reachable 
    [chromium] › e2e/editor-stage.test.ts:18:7 › T019 768px Material Dark keeps the Editor stage reachable 
    [chromium] › e2e/editor-stage.test.ts:18:7 › T019 768px Minimal Auto (system) keeps the Editor stage reachable 
    [chromium] › e2e/editor-stage.test.ts:18:7 › T019 768px Minimal Light keeps the Editor stage reachable 
    [chromium] › e2e/editor-stage.test.ts:18:7 › T019 768px Minimal Dark keeps the Editor stage reachable 
    [chromium] › e2e/editor-stage.test.ts:18:7 › T019 375px Liquid Glass Auto (system) keeps the Editor stage reachable 
    [chromium] › e2e/editor-stage.test.ts:18:7 › T019 375px Liquid Glass Light keeps the Editor stage reachable 
    [chromium] › e2e/editor-stage.test.ts:18:7 › T019 375px Liquid Glass Dark keeps the Editor stage reachable 
    [chromium] › e2e/editor-stage.test.ts:18:7 › T019 375px Material Auto (system) keeps the Editor stage reachable 
    [chromium] › e2e/editor-stage.test.ts:18:7 › T019 375px Material Light keeps the Editor stage reachable 
    [chromium] › e2e/editor-stage.test.ts:18:7 › T019 375px Material Dark keeps the Editor stage reachable 
    [chromium] › e2e/editor-stage.test.ts:18:7 › T019 375px Minimal Auto (system) keeps the Editor stage reachable 
    [chromium] › e2e/editor-stage.test.ts:18:7 › T019 375px Minimal Light keeps the Editor stage reachable 
    [chromium] › e2e/editor-stage.test.ts:18:7 › T019 375px Minimal Dark keeps the Editor stage reachable 
    [chromium] › e2e/editor-stage.test.ts:141:7 › T070 1280px Liquid Glass Auto (system) keeps popup ownership and geometry safe 
    [chromium] › e2e/editor-stage.test.ts:141:7 › T070 1280px Liquid Glass Light keeps popup ownership and geometry safe 
    [chromium] › e2e/editor-stage.test.ts:141:7 › T070 1280px Liquid Glass Dark keeps popup ownership and geometry safe 
    [chromium] › e2e/editor-stage.test.ts:141:7 › T070 1280px Material Auto (system) keeps popup ownership and geometry safe 
    [chromium] › e2e/editor-stage.test.ts:141:7 › T070 1280px Material Light keeps popup ownership and geometry safe 
    [chromium] › e2e/editor-stage.test.ts:141:7 › T070 1280px Material Dark keeps popup ownership and geometry safe 
    [chromium] › e2e/editor-stage.test.ts:141:7 › T070 1280px Minimal Auto (system) keeps popup ownership and geometry safe 
    [chromium] › e2e/editor-stage.test.ts:141:7 › T070 1280px Minimal Light keeps popup ownership and geometry safe 
    [chromium] › e2e/editor-stage.test.ts:141:7 › T070 1280px Minimal Dark keeps popup ownership and geometry safe 
    [chromium] › e2e/editor-stage.test.ts:141:7 › T070 768px Liquid Glass Auto (system) keeps popup ownership and geometry safe 
    [chromium] › e2e/editor-stage.test.ts:141:7 › T070 768px Liquid Glass Light keeps popup ownership and geometry safe 
    [chromium] › e2e/editor-stage.test.ts:141:7 › T070 768px Liquid Glass Dark keeps popup ownership and geometry safe 
    [chromium] › e2e/editor-stage.test.ts:141:7 › T070 768px Material Auto (system) keeps popup ownership and geometry safe 
    [chromium] › e2e/editor-stage.test.ts:141:7 › T070 768px Material Light keeps popup ownership and geometry safe 
    [chromium] › e2e/editor-stage.test.ts:141:7 › T070 768px Material Dark keeps popup ownership and geometry safe 
    [chromium] › e2e/editor-stage.test.ts:141:7 › T070 768px Minimal Auto (system) keeps popup ownership and geometry safe 
    [chromium] › e2e/editor-stage.test.ts:141:7 › T070 768px Minimal Light keeps popup ownership and geometry safe 
    [chromium] › e2e/editor-stage.test.ts:141:7 › T070 768px Minimal Dark keeps popup ownership and geometry safe 
    [chromium] › e2e/editor-stage.test.ts:141:7 › T070 375px Liquid Glass Auto (system) keeps popup ownership and geometry safe 
    [chromium] › e2e/editor-stage.test.ts:141:7 › T070 375px Liquid Glass Light keeps popup ownership and geometry safe 
    [chromium] › e2e/editor-stage.test.ts:141:7 › T070 375px Liquid Glass Dark keeps popup ownership and geometry safe 
    [chromium] › e2e/editor-stage.test.ts:141:7 › T070 375px Material Auto (system) keeps popup ownership and geometry safe 
    [chromium] › e2e/editor-stage.test.ts:141:7 › T070 375px Material Light keeps popup ownership and geometry safe 
    [chromium] › e2e/editor-stage.test.ts:141:7 › T070 375px Material Dark keeps popup ownership and geometry safe 
    [chromium] › e2e/editor-stage.test.ts:141:7 › T070 375px Minimal Auto (system) keeps popup ownership and geometry safe 
    [chromium] › e2e/editor-stage.test.ts:141:7 › T070 375px Minimal Light keeps popup ownership and geometry safe 
    [chromium] › e2e/editor-stage.test.ts:141:7 › T070 375px Minimal Dark keeps popup ownership and geometry safe 
    [chromium] › e2e/editor-stage.test.ts:322:7 › T069 1280px Liquid Glass Auto (system) retains the mockup chrome hierarchy 
    [chromium] › e2e/editor-stage.test.ts:322:7 › T069 1280px Liquid Glass Light retains the mockup chrome hierarchy 
    [chromium] › e2e/editor-stage.test.ts:322:7 › T069 1280px Liquid Glass Dark retains the mockup chrome hierarchy 
    [chromium] › e2e/editor-stage.test.ts:322:7 › T069 1280px Material Auto (system) retains the mockup chrome hierarchy 
    [chromium] › e2e/editor-stage.test.ts:322:7 › T069 1280px Material Light retains the mockup chrome hierarchy 
    [chromium] › e2e/editor-stage.test.ts:322:7 › T069 1280px Material Dark retains the mockup chrome hierarchy 
    [chromium] › e2e/editor-stage.test.ts:322:7 › T069 1280px Minimal Auto (system) retains the mockup chrome hierarchy 
    [chromium] › e2e/editor-stage.test.ts:322:7 › T069 1280px Minimal Light retains the mockup chrome hierarchy 
    [chromium] › e2e/editor-stage.test.ts:322:7 › T069 1280px Minimal Dark retains the mockup chrome hierarchy 
    [chromium] › e2e/editor-stage.test.ts:322:7 › T069 768px Liquid Glass Auto (system) retains the mockup chrome hierarchy 
    [chromium] › e2e/editor-stage.test.ts:322:7 › T069 768px Liquid Glass Light retains the mockup chrome hierarchy 
    [chromium] › e2e/editor-stage.test.ts:322:7 › T069 768px Liquid Glass Dark retains the mockup chrome hierarchy 
    [chromium] › e2e/editor-stage.test.ts:322:7 › T069 768px Material Auto (system) retains the mockup chrome hierarchy 
    [chromium] › e2e/editor-stage.test.ts:322:7 › T069 768px Material Light retains the mockup chrome hierarchy 
    [chromium] › e2e/editor-stage.test.ts:322:7 › T069 768px Material Dark retains the mockup chrome hierarchy 
    [chromium] › e2e/editor-stage.test.ts:322:7 › T069 768px Minimal Auto (system) retains the mockup chrome hierarchy 
    [chromium] › e2e/editor-stage.test.ts:322:7 › T069 768px Minimal Light retains the mockup chrome hierarchy 
    [chromium] › e2e/editor-stage.test.ts:322:7 › T069 768px Minimal Dark retains the mockup chrome hierarchy 
    [chromium] › e2e/editor-stage.test.ts:322:7 › T069 375px Liquid Glass Auto (system) retains the mockup chrome hierarchy 
    [chromium] › e2e/editor-stage.test.ts:322:7 › T069 375px Liquid Glass Light retains the mockup chrome hierarchy 
    [chromium] › e2e/editor-stage.test.ts:322:7 › T069 375px Liquid Glass Dark retains the mockup chrome hierarchy 
    [chromium] › e2e/editor-stage.test.ts:322:7 › T069 375px Material Auto (system) retains the mockup chrome hierarchy 
    [chromium] › e2e/editor-stage.test.ts:322:7 › T069 375px Material Light retains the mockup chrome hierarchy 
    [chromium] › e2e/editor-stage.test.ts:322:7 › T069 375px Material Dark retains the mockup chrome hierarchy 
    [chromium] › e2e/editor-stage.test.ts:322:7 › T069 375px Minimal Auto (system) retains the mockup chrome hierarchy 
    [chromium] › e2e/editor-stage.test.ts:322:7 › T069 375px Minimal Light retains the mockup chrome hierarchy 
    [chromium] › e2e/editor-stage.test.ts:322:7 › T069 375px Minimal Dark retains the mockup chrome hierarchy 
    [chromium] › e2e/editor-stage.test.ts:457:7 › T055 1280px Liquid Glass Auto (system) exercises reachable Editor-stage journeys 
    [chromium] › e2e/editor-stage.test.ts:457:7 › T055 1280px Liquid Glass Light exercises reachable Editor-stage journeys 
    [chromium] › e2e/editor-stage.test.ts:457:7 › T055 1280px Liquid Glass Dark exercises reachable Editor-stage journeys 
    [chromium] › e2e/editor-stage.test.ts:457:7 › T055 1280px Material Auto (system) exercises reachable Editor-stage journeys 
    [chromium] › e2e/editor-stage.test.ts:457:7 › T055 1280px Material Light exercises reachable Editor-stage journeys 
    [chromium] › e2e/editor-stage.test.ts:457:7 › T055 1280px Material Dark exercises reachable Editor-stage journeys 
    [chromium] › e2e/editor-stage.test.ts:457:7 › T055 1280px Minimal Auto (system) exercises reachable Editor-stage journeys 
    [chromium] › e2e/editor-stage.test.ts:457:7 › T055 1280px Minimal Light exercises reachable Editor-stage journeys 
    [chromium] › e2e/editor-stage.test.ts:457:7 › T055 1280px Minimal Dark exercises reachable Editor-stage journeys 
    [chromium] › e2e/editor-stage.test.ts:457:7 › T055 768px Liquid Glass Auto (system) exercises reachable Editor-stage journeys 
    [chromium] › e2e/editor-stage.test.ts:457:7 › T055 768px Liquid Glass Light exercises reachable Editor-stage journeys 
    [chromium] › e2e/editor-stage.test.ts:457:7 › T055 768px Liquid Glass Dark exercises reachable Editor-stage journeys 
    [chromium] › e2e/editor-stage.test.ts:457:7 › T055 768px Material Auto (system) exercises reachable Editor-stage journeys 
    [chromium] › e2e/editor-stage.test.ts:457:7 › T055 768px Material Light exercises reachable Editor-stage journeys 
    [chromium] › e2e/editor-stage.test.ts:457:7 › T055 768px Material Dark exercises reachable Editor-stage journeys 
    [chromium] › e2e/editor-stage.test.ts:457:7 › T055 768px Minimal Auto (system) exercises reachable Editor-stage journeys 
    [chromium] › e2e/editor-stage.test.ts:457:7 › T055 768px Minimal Light exercises reachable Editor-stage journeys 
    [chromium] › e2e/editor-stage.test.ts:457:7 › T055 768px Minimal Dark exercises reachable Editor-stage journeys 
    [chromium] › e2e/editor-stage.test.ts:457:7 › T055 375px Liquid Glass Auto (system) exercises reachable Editor-stage journeys 
    [chromium] › e2e/editor-stage.test.ts:457:7 › T055 375px Liquid Glass Light exercises reachable Editor-stage journeys 
    [chromium] › e2e/editor-stage.test.ts:457:7 › T055 375px Liquid Glass Dark exercises reachable Editor-stage journeys 
    [chromium] › e2e/editor-stage.test.ts:457:7 › T055 375px Material Auto (system) exercises reachable Editor-stage journeys 
    [chromium] › e2e/editor-stage.test.ts:457:7 › T055 375px Material Light exercises reachable Editor-stage journeys 
    [chromium] › e2e/editor-stage.test.ts:457:7 › T055 375px Material Dark exercises reachable Editor-stage journeys 
    [chromium] › e2e/editor-stage.test.ts:457:7 › T055 375px Minimal Auto (system) exercises reachable Editor-stage journeys 
    [chromium] › e2e/editor-stage.test.ts:457:7 › T055 375px Minimal Light exercises reachable Editor-stage journeys 
    [chromium] › e2e/editor-stage.test.ts:457:7 › T055 375px Minimal Dark exercises reachable Editor-stage journeys 
    [chromium] › e2e/interactive-states.test.ts:39:3 › T076 the File menu trigger lights up under the pointer 
    [chromium] › e2e/interactive-states.test.ts:60:3 › T076 the File menu trigger shows a visible focus ring 
    [chromium] › e2e/interactive-states.test.ts:39:3 › T076 the Settings menu trigger lights up under the pointer 
    [chromium] › e2e/interactive-states.test.ts:60:3 › T076 the Settings menu trigger shows a visible focus ring 
    [chromium] › e2e/interactive-states.test.ts:39:3 › T076 the View menu trigger lights up under the pointer 
    [chromium] › e2e/interactive-states.test.ts:60:3 › T076 the View menu trigger shows a visible focus ring 
    [chromium] › e2e/interactive-states.test.ts:39:3 › T076 the About menu trigger lights up under the pointer 
    [chromium] › e2e/interactive-states.test.ts:60:3 › T076 the About menu trigger shows a visible focus ring 
    [chromium] › e2e/interactive-states.test.ts:85:1 › T076 an open menu trigger is drawn as open ──
    [chromium] › e2e/interactive-states.test.ts:106:1 › T076 holds the arrangement segment at the toolbar trailing edge 
    [chromium] › e2e/interactive-states.test.ts:146:1 › T076 keeps every arrangement option reachable and exactly one checked 
    [chromium] › e2e/launcher-binding.test.ts:51:1 › T057 draws the launcher frame and block from the binding 
    [chromium] › e2e/launcher-binding.test.ts:79:1 › T057 draws the launcher type scale from the binding 
    [chromium] › e2e/launcher-binding.test.ts:109:1 › T057 draws the launcher actions from the binding 
    [chromium] › e2e/launcher-binding.test.ts:152:1 › T057 draws the launcher recents list from the binding 
    [chromium] › e2e/narrow-width.test.ts:218:1 › T084 375px reaches every relocated toolbar action through the overflow menu 
    [chromium] › e2e/narrow-width.test.ts:276:1 › T084 768px relocates exactly the list and insert groups to the overflow menu 
    [chromium] › e2e/narrow-width.test.ts:370:5 › T084 768px keeps the menu row on one unwrapped line 
    [chromium] › e2e/narrow-width.test.ts:370:5 › T084 768px keeps the tab strip on one unwrapped line 
    [chromium] › e2e/narrow-width.test.ts:370:5 › T084 768px keeps the toolbar on one unwrapped line 
    [chromium] › e2e/narrow-width.test.ts:370:5 › T084 768px keeps the status row on one unwrapped line 
    [chromium] › e2e/narrow-width.test.ts:445:3 › T084 768px keeps every status item unwrapped in the binding drop order 
    [chromium] › e2e/narrow-width.test.ts:370:5 › T084 375px keeps the menu row on one unwrapped line 
    [chromium] › e2e/narrow-width.test.ts:370:5 › T084 375px keeps the tab strip on one unwrapped line 
    [chromium] › e2e/narrow-width.test.ts:370:5 › T084 375px keeps the toolbar on one unwrapped line 
    [chromium] › e2e/narrow-width.test.ts:370:5 › T084 375px keeps the status row on one unwrapped line 
    [chromium] › e2e/narrow-width.test.ts:445:3 › T084 375px keeps every status item unwrapped in the binding drop order 
    [chromium] › e2e/narrow-width.test.ts:503:1 › T084 768px keeps the close prompt reachable, contained and answerable 
    [chromium] › e2e/narrow-width.test.ts:551:1 › T084 768px keeps the external-change prompt reachable, contained and answerable 
    [chromium] › e2e/narrow-width.test.ts:587:1 › T084 768px keeps the normalization prompt reachable, contained and answerable 
    [chromium] › e2e/narrow-width.test.ts:636:1 › T084 768px renders, contains and operates the real launcher 
    [chromium] › e2e/narrow-width.test.ts:699:3 › T084 768px switches to Preview through the View menu and fills the region 
    [chromium] › e2e/narrow-width.test.ts:758:3 › T084 768px keeps the paused preview refresh control reachable 
    [chromium] › e2e/narrow-width.test.ts:699:3 › T084 375px switches to Preview through the View menu and fills the region 
    [chromium] › e2e/narrow-width.test.ts:758:3 › T084 375px keeps the paused preview refresh control reachable 
    [chromium] › e2e/offline-and-controls.test.ts:73:1 › FR-FT-048 makes no outbound request across five continuous minutes of a live application 
    [chromium] › e2e/offline-and-controls.test.ts:194:1 › FR-FT-049 keeps every deferred surface unavailable rather than absent or working 
    [chromium] › e2e/offline-and-controls.test.ts:299:1 › T189 renders no custom native frame and no deferred rich-rendering surface 
    [chromium] › e2e/real-files-and-tabs.test.ts:5:1 › FT-VS-01 operates New/Open from the real File menu and keeps the shell usable 
    [chromium] › e2e/real-files-and-tabs.test.ts:30:1 › FT-VS-02 flushes the latest edit and reports one explicit Save confirmation 
    [chromium] › e2e/real-files-and-tabs.test.ts:60:1 › FT-VS-03 exposes real tabs, backend-confirmed menu moves, and exact navigation 
    [chromium] › e2e/real-files-and-tabs.test.ts:107:1 › FR-FT-037 offers both actionable Reveal remediations, paints them, and runs each 
    [chromium] › e2e/real-files-and-tabs.test.ts:196:1 › FR-FT-015 offers Retry on a refused Save and re-issues the write 
    [chromium] › e2e/real-files-and-tabs.test.ts:255:1 › FT-VS-04 shows the bounded external-change prompt and safe Skip decision 
    [chromium] › e2e/real-files-and-tabs.test.ts:291:1 › FT-VS-05 exposes acknowledged autosave control and truthful save status wiring 
    [chromium] › e2e/real-files-and-tabs.test.ts:333:1 › FT-VS-06 close plan gathers a complete choice before any tab removal 
    [chromium] › e2e/real-files-and-tabs.test.ts:378:1 › T141 middle-click closes the targeted tab through the same dirty-close prompt 
    [chromium] › e2e/real-files-and-tabs.test.ts:409:1 › T145 exposes every tab as an owned child of the tablist controlling the editor panel 
    [chromium] › e2e/real-files-and-tabs.test.ts:462:1 › T153 returns focus to the launcher New control when the last tab closes 
    [chromium] › e2e/real-files-and-tabs.test.ts:486:1 › T129 reorders the active tab with the Move accelerators and no-ops at the edge 
    [chromium] › e2e/real-files-and-tabs.test.ts:545:1 › T130 paints the drop position during a tab drag and reorders on release 
    [chromium] › e2e/real-files-and-tabs.test.ts:602:1 › FT-VS-07 proves recents, reopen, launcher, and responsive status controls 
    [chromium] › e2e/real-files-and-tabs.test.ts:716:1 › T051 keeps parity launchers isolated from the FT-VS-07 recent seed 
    [chromium] › e2e/real-files-and-tabs.test.ts:747:1 › FT-VS-08 keeps the close prompt until an explicit choice is made 
    [chromium] › e2e/real-files-and-tabs.test.ts:802:1 › FT-VS-09 refuses the forty-first document and names the limit 
    [chromium] › e2e/real-files-and-tabs.test.ts:828:1 › FT-VS-09 refuses an over-50-MiB file and names the limit 
    [chromium] › e2e/real-files-and-tabs.test.ts:864:1 › FT-VS-10 dispatches the File accelerators the menu advertises 
    [chromium] › e2e/real-files-and-tabs.test.ts:918:1 › T144 keeps the distinguishing suffix painted when the pixel budget truncates the tab label 
    [chromium] › e2e/real-files-and-tabs.test.ts:984:1 › T188 reports a refused activation exactly once 
    [chromium] › e2e/real-files-and-tabs.test.ts:1027:1 › T164 reports a refused close exactly once and keeps its Retry 
    [chromium] › e2e/real-files-and-tabs.test.ts:1067:1 › T177 draws the dragged tab at reduced opacity while it is in flight 
    [chromium] › e2e/real-files-and-tabs.test.ts:1118:1 › T177 auto-scrolls the tab strip when a drag reaches its trailing edge 
    [chromium] › e2e/real-files-and-tabs.test.ts:1183:1 › T192 keeps the reloaded content when the next edit is saved 
    [chromium] › e2e/real-files-parity.test.ts:1091:1 › T050 reference navigation reaches every mapped probe before capture 
    [chromium] › e2e/window-shell.test.ts:408:5 › T026 shell matrix 375 glass light ────────────────
    [chromium] › e2e/window-shell.test.ts:408:5 › T026 shell matrix 375 glass dark ─────────────────
    [chromium] › e2e/window-shell.test.ts:408:5 › T026 shell matrix 375 material light ─────────────
    [chromium] › e2e/window-shell.test.ts:408:5 › T026 shell matrix 375 material dark ──────────────
    [chromium] › e2e/window-shell.test.ts:408:5 › T026 shell matrix 375 minimal light ──────────────
    [chromium] › e2e/window-shell.test.ts:408:5 › T026 shell matrix 375 minimal dark ───────────────
    [chromium] › e2e/window-shell.test.ts:408:5 › T026 shell matrix 768 glass light ────────────────
    [chromium] › e2e/window-shell.test.ts:408:5 › T026 shell matrix 768 glass dark ─────────────────
    [chromium] › e2e/window-shell.test.ts:408:5 › T026 shell matrix 768 material light ─────────────
    [chromium] › e2e/window-shell.test.ts:408:5 › T026 shell matrix 768 material dark ──────────────
    [chromium] › e2e/window-shell.test.ts:408:5 › T026 shell matrix 768 minimal light ──────────────
    [chromium] › e2e/window-shell.test.ts:408:5 › T026 shell matrix 768 minimal dark ───────────────
    [chromium] › e2e/window-shell.test.ts:408:5 › T026 shell matrix 1280 glass light ───────────────
    [chromium] › e2e/window-shell.test.ts:408:5 › T026 shell matrix 1280 glass dark ────────────────
    [chromium] › e2e/window-shell.test.ts:408:5 › T026 shell matrix 1280 material light ────────────
    [chromium] › e2e/window-shell.test.ts:408:5 › T026 shell matrix 1280 material dark ─────────────
    [chromium] › e2e/window-shell.test.ts:408:5 › T026 shell matrix 1280 minimal light ─────────────
    [chromium] › e2e/window-shell.test.ts:408:5 › T026 shell matrix 1280 minimal dark ──────────────
    [chromium] › e2e/window-shell.test.ts:553:1 › T039 native minimum frame rounding drops the workspace entirely 
    [chromium] › e2e/window-shell.test.ts:586:3 › T040 Settings popup stays operable inside the 375px viewport 
    [chromium] › e2e/window-shell.test.ts:586:3 › T040 Settings popup stays operable inside the 768px viewport 
    [chromium] › e2e/window-shell.test.ts:586:3 › T040 Settings popup stays operable inside the 1280px viewport 
    [chromium] › e2e/window-shell.test.ts:651:5 › T041 Close control restores the connected 375px Settings opener 
    [chromium] › e2e/window-shell.test.ts:651:5 › T041 Escape restores the connected 375px Settings opener 
    [chromium] › e2e/window-shell.test.ts:651:5 › T041 Close control restores the connected 1280px Settings opener 
    [chromium] › e2e/window-shell.test.ts:651:5 › T041 Escape restores the connected 1280px Settings opener 
    [chromium] › e2e/window-shell.test.ts:682:1 › T026 shell actions, focus, reset, sidebar, notification, identity, and absence 
    [chromium] › e2e/window-shell.test.ts:747:1 › T029 keeps a long localized shell label and its two-layer keyboard focus ring visible 
    [chromium] › e2e/window-shell.test.ts:809:1 › T026 representative shell journey stays local-only 
    [chromium] › e2e/window-shell.test.ts:832:1 › T026 retains at least 20 measured resize and divider samples 
    [parity] › e2e/targeted-parity.test.ts:1058:3 › T058 state-pairs the closed menubar in glass-light 
    [parity] › e2e/targeted-parity.test.ts:1058:3 › T058 state-pairs the closed menubar in glass-light 
    [parity] › e2e/targeted-parity.test.ts:1058:3 › T058 state-pairs the closed menubar in glass-light 
  56 did not run
error: recipe `verify-ui` failed on line 69 with exit code 1
error: recipe `e2e-test` failed on line 74 with exit code 1
